51, 15, 3
51, 140, 2
51, 101, 1
51, 10, 0
51, 9, 0
51, 28, 1
51, 79, 0
51, 86, 1
51, 5, 0
51, 13, 0
51, 10, 1
51, 4, 0
51, 597, 5
51, 10, 0
51, 61, 1
51, 22, 0
15, 140, 1
15, 101, 0
15, 10, 0
15, 9, 0
15, 28, 0
15, 79, 1
15, 86, 0
15, 5, 0
15, 13, 0
15, 10, 0
15, 4, 0
15, 597, 2
15, 10, 0
15, 61, 0
15, 22, 0
140, 101, 3
140, 10, 0
140, 9, 0
140, 28, 1
140, 79, 1
140, 86, 1
140, 5, 0
140, 13, 1
140, 10, 0
140, 4, 0
140, 597, 5
140, 10, 0
140, 61, 1
140, 22, 0
101, 10, 0
101, 9, 0
101, 28, 0
101, 79, 1
101, 86, 0
101, 5, 0
101, 13, 0
101, 10, 0
101, 4, 0
101, 597, 4
101, 10, 0
101, 61, 0
101, 22, 1
10, 9, 0
10, 28, 0
10, 79, 0
10, 86, 0
10, 5, 0
10, 13, 0
10, 10, 0
10, 4, 0
10, 597, 0
10, 10, 0
10, 61, 0
10, 22, 0
9, 28, 0
9, 79, 1
9, 86, 0
9, 5, 0
9, 13, 0
9, 10, 0
9, 4, 0
9, 597, 0
9, 10, 0
9, 61, 0
9, 22, 0
28, 79, 1
28, 86, 0
28, 5, 0
28, 13, 0
28, 10, 0
28, 4, 2
28, 597, 1
28, 10, 0
28, 61, 0
28, 22, 0
79, 86, 1
79, 5, 0
79, 13, 0
79, 10, 0
79, 4, 0
79, 597, 3
79, 10, 0
79, 61, 0
79, 22, 1
86, 5, 0
86, 13, 0
86, 10, 0
86, 4, 0
86, 597, 2
86, 10, 0
86, 61, 0
86, 22, 0
5, 13, 0
5, 10, 0
5, 4, 0
5, 597, 1
5, 10, 0
5, 61, 0
5, 22, 0
13, 10, 0
13, 4, 0
13, 597, 0
13, 10, 0
13, 61, 0
13, 22, 0
10, 4, 0
10, 597, 1
10, 10, 0
10, 61, 0
10, 22, 0
4, 597, 0
4, 10, 0
4, 61, 0
4, 22, 0
597, 10, 1
597, 61, 1
597, 22, 1
10, 61, 0
10, 22, 0
61, 22, 0
66, 79, 0
66, 2, 0
66, 29, 0
66, 1, 0
66, 3, 0
66, 89, 0
66, 158, 0
66, 1, 0
66, 4, 0
66, 23, 0
66, 14, 0
66, 28, 0
66, 9, 0
66, 10, 0
66, 16, 0
66, 24, 0
79, 2, 0
79, 29, 1
79, 1, 0
79, 3, 0
79, 89, 0
79, 158, 4
79, 1, 0
79, 4, 0
79, 23, 0
79, 14, 0
79, 28, 0
79, 9, 0
79, 10, 0
79, 16, 0
79, 24, 0
2, 29, 0
2, 1, 0
2, 3, 0
2, 89, 0
2, 158, 0
2, 1, 0
2, 4, 0
2, 23, 0
2, 14, 0
2, 28, 0
2, 9, 0
2, 10, 0
2, 16, 0
2, 24, 0
29, 1, 0
29, 3, 0
29, 89, 0
29, 158, 0
29, 1, 0
29, 4, 0
29, 23, 1
29, 14, 0
29, 28, 0
29, 9, 0
29, 10, 0
29, 16, 0
29, 24, 0
1, 3, 0
1, 89, 0
1, 158, 0
1, 1, 0
1, 4, 0
1, 23, 0
1, 14, 0
1, 28, 0
1, 9, 0
1, 10, 0
1, 16, 0
1, 24, 0
3, 89, 0
3, 158, 0
3, 1, 0
3, 4, 0
3, 23, 0
3, 14, 0
3, 28, 0
3, 9, 0
3, 10, 0
3, 16, 0
3, 24, 0
89, 158, 0
89, 1, 0
89, 4, 0
89, 23, 0
89, 14, 0
89, 28, 0
89, 9, 0
89, 10, 0
89, 16, 0
89, 24, 0
158, 1, 0
158, 4, 0
158, 23, 0
158, 14, 0
158, 28, 0
158, 9, 0
158, 10, 0
158, 16, 0
158, 24, 0
1, 4, 0
1, 23, 0
1, 14, 0
1, 28, 0
1, 9, 0
1, 10, 0
1, 16, 0
1, 24, 0
4, 23, 0
4, 14, 0
4, 28, 0
4, 9, 0
4, 10, 0
4, 16, 0
4, 24, 0
23, 14, 0
23, 28, 0
23, 9, 0
23, 10, 0
23, 16, 0
23, 24, 0
14, 28, 0
14, 9, 0
14, 10, 0
14, 16, 0
14, 24, 0
28, 9, 0
28, 10, 0
28, 16, 0
28, 24, 0
9, 10, 0
9, 16, 0
9, 24, 0
10, 16, 0
10, 24, 0
16, 24, 0
12, 18, 0
12, 30, 0
12, 21, 0
12, 42, 0
12, 11, 0
12, 15, 0
12, 43, 0
12, 12, 0
12, 44, 0
12, 24, 0
12, 2, 0
12, 9, 0
12, 2, 0
12, 5, 0
12, 2, 0
12, 12, 0
12, 2, 0
12, 9, 0
12, 22, 0
12, 12, 0
12, 18, 0
12, 28, 0
12, 11, 0
12, 9, 0
12, 5, 0
12, 11, 0
12, 44, 0
12, 3, 0
12, 29, 0
12, 13, 0
12, 1, 0
12, 24, 0
12, 2, 0
12, 16, 0
12, 13, 0
12, 14, 0
12, 5, 0
12, 21, 0
12, 12, 0
12, 18, 0
12, 27, 0
12, 9, 0
12, 8, 0
12, 12, 0
12, 10, 0
12, 1, 0
12, 18, 0
12, 1, 0
12, 48, 0
12, 13, 0
12, 1, 0
12, 14, 0
12, 1, 0
12, 16, 0
12, 2, 0
12, 13, 0
12, 11, 0
12, 11, 0
12, 5, 0
12, 23, 0
12, 12, 0
12, 18, 0
18, 30, 0
18, 21, 0
18, 42, 0
18, 11, 0
18, 15, 0
18, 43, 0
18, 12, 0
18, 44, 0
18, 24, 0
18, 2, 0
18, 9, 0
18, 2, 0
18, 5, 0
18, 2, 0
18, 12, 0
18, 2, 0
18, 9, 0
18, 22, 0
18, 12, 0
18, 18, 0
18, 28, 0
18, 11, 0
18, 9, 0
18, 5, 0
18, 11, 0
18, 44, 1
18, 3, 0
18, 29, 0
18, 13, 0
18, 1, 0
18, 24, 0
18, 2, 0
18, 16, 0
18, 13, 0
18, 14, 0
18, 5, 0
18, 21, 0
18, 12, 0
18, 18, 0
18, 27, 0
18, 9, 0
18, 8, 0
18, 12, 0
18, 10, 0
18, 1, 0
18, 18, 0
18, 1, 0
18, 48, 0
18, 13, 0
18, 1, 0
18, 14, 0
18, 1, 0
18, 16, 0
18, 2, 0
18, 13, 0
18, 11, 0
18, 11, 0
18, 5, 0
18, 23, 0
18, 12, 0
18, 18, 0
30, 21, 0
30, 42, 0
30, 11, 0
30, 15, 0
30, 43, 0
30, 12, 0
30, 44, 0
30, 24, 0
30, 2, 0
30, 9, 0
30, 2, 0
30, 5, 0
30, 2, 0
30, 12, 0
30, 2, 0
30, 9, 0
30, 22, 0
30, 12, 0
30, 18, 0
30, 28, 0
30, 11, 0
30, 9, 0
30, 5, 0
30, 11, 0
30, 44, 0
30, 3, 0
30, 29, 0
30, 13, 0
30, 1, 0
30, 24, 0
30, 2, 0
30, 16, 0
30, 13, 0
30, 14, 0
30, 5, 0
30, 21, 0
30, 12, 0
30, 18, 0
30, 27, 0
30, 9, 0
30, 8, 0
30, 12, 0
30, 10, 0
30, 1, 0
30, 18, 0
30, 1, 0
30, 48, 0
30, 13, 0
30, 1, 0
30, 14, 0
30, 1, 0
30, 16, 0
30, 2, 0
30, 13, 0
30, 11, 0
30, 11, 0
30, 5, 0
30, 23, 0
30, 12, 0
30, 18, 0
21, 42, 0
21, 11, 0
21, 15, 0
21, 43, 0
21, 12, 0
21, 44, 0
21, 24, 0
21, 2, 0
21, 9, 0
21, 2, 0
21, 5, 0
21, 2, 0
21, 12, 0
21, 2, 0
21, 9, 0
21, 22, 0
21, 12, 0
21, 18, 0
21, 28, 0
21, 11, 0
21, 9, 0
21, 5, 0
21, 11, 0
21, 44, 0
21, 3, 0
21, 29, 0
21, 13, 0
21, 1, 0
21, 24, 0
21, 2, 0
21, 16, 0
21, 13, 0
21, 14, 0
21, 5, 0
21, 21, 0
21, 12, 0
21, 18, 0
21, 27, 0
21, 9, 0
21, 8, 0
21, 12, 0
21, 10, 0
21, 1, 0
21, 18, 0
21, 1, 0
21, 48, 0
21, 13, 0
21, 1, 0
21, 14, 0
21, 1, 0
21, 16, 0
21, 2, 0
21, 13, 0
21, 11, 0
21, 11, 1
21, 5, 0
21, 23, 0
21, 12, 0
21, 18, 0
42, 11, 0
42, 15, 0
42, 43, 0
42, 12, 0
42, 44, 0
42, 24, 0
42, 2, 0
42, 9, 0
42, 2, 0
42, 5, 0
42, 2, 0
42, 12, 0
42, 2, 0
42, 9, 0
42, 22, 0
42, 12, 0
42, 18, 0
42, 28, 0
42, 11, 0
42, 9, 0
42, 5, 0
42, 11, 0
42, 44, 1
42, 3, 0
42, 29, 0
42, 13, 0
42, 1, 0
42, 24, 0
42, 2, 0
42, 16, 0
42, 13, 0
42, 14, 0
42, 5, 0
42, 21, 0
42, 12, 0
42, 18, 0
42, 27, 0
42, 9, 0
42, 8, 0
42, 12, 0
42, 10, 0
42, 1, 0
42, 18, 0
42, 1, 0
42, 48, 0
42, 13, 0
42, 1, 0
42, 14, 0
42, 1, 0
42, 16, 0
42, 2, 0
42, 13, 0
42, 11, 0
42, 11, 0
42, 5, 0
42, 23, 0
42, 12, 0
42, 18, 0
11, 15, 0
11, 43, 0
11, 12, 0
11, 44, 0
11, 24, 0
11, 2, 0
11, 9, 0
11, 2, 0
11, 5, 0
11, 2, 0
11, 12, 0
11, 2, 0
11, 9, 0
11, 22, 0
11, 12, 0
11, 18, 0
11, 28, 0
11, 11, 0
11, 9, 0
11, 5, 0
11, 11, 0
11, 44, 0
11, 3, 0
11, 29, 0
11, 13, 0
11, 1, 0
11, 24, 0
11, 2, 0
11, 16, 0
11, 13, 0
11, 14, 0
11, 5, 0
11, 21, 0
11, 12, 0
11, 18, 0
11, 27, 0
11, 9, 0
11, 8, 0
11, 12, 0
11, 10, 0
11, 1, 0
11, 18, 0
11, 1, 0
11, 48, 0
11, 13, 0
11, 1, 0
11, 14, 0
11, 1, 0
11, 16, 0
11, 2, 0
11, 13, 0
11, 11, 0
11, 11, 0
11, 5, 0
11, 23, 1
11, 12, 0
11, 18, 0
15, 43, 0
15, 12, 0
15, 44, 0
15, 24, 0
15, 2, 0
15, 9, 0
15, 2, 0
15, 5, 0
15, 2, 0
15, 12, 0
15, 2, 0
15, 9, 0
15, 22, 0
15, 12, 0
15, 18, 0
15, 28, 0
15, 11, 0
15, 9, 0
15, 5, 0
15, 11, 0
15, 44, 0
15, 3, 0
15, 29, 0
15, 13, 0
15, 1, 0
15, 24, 0
15, 2, 0
15, 16, 0
15, 13, 0
15, 14, 0
15, 5, 0
15, 21, 0
15, 12, 0
15, 18, 0
15, 27, 0
15, 9, 0
15, 8, 0
15, 12, 0
15, 10, 0
15, 1, 0
15, 18, 0
15, 1, 0
15, 48, 0
15, 13, 0
15, 1, 0
15, 14, 0
15, 1, 0
15, 16, 0
15, 2, 0
15, 13, 0
15, 11, 0
15, 11, 0
15, 5, 0
15, 23, 0
15, 12, 0
15, 18, 0
43, 12, 0
43, 44, 0
43, 24, 0
43, 2, 0
43, 9, 0
43, 2, 0
43, 5, 0
43, 2, 0
43, 12, 0
43, 2, 0
43, 9, 0
43, 22, 0
43, 12, 0
43, 18, 0
43, 28, 0
43, 11, 0
43, 9, 0
43, 5, 0
43, 11, 0
43, 44, 0
43, 3, 0
43, 29, 0
43, 13, 0
43, 1, 0
43, 24, 0
43, 2, 0
43, 16, 0
43, 13, 0
43, 14, 0
43, 5, 0
43, 21, 0
43, 12, 0
43, 18, 0
43, 27, 0
43, 9, 1
43, 8, 0
43, 12, 0
43, 10, 0
43, 1, 0
43, 18, 0
43, 1, 0
43, 48, 0
43, 13, 0
43, 1, 0
43, 14, 0
43, 1, 0
43, 16, 0
43, 2, 0
43, 13, 0
43, 11, 0
43, 11, 0
43, 5, 0
43, 23, 0
43, 12, 0
43, 18, 0
12, 44, 0
12, 24, 0
12, 2, 0
12, 9, 0
12, 2, 0
12, 5, 0
12, 2, 0
12, 12, 0
12, 2, 0
12, 9, 0
12, 22, 0
12, 12, 0
12, 18, 0
12, 28, 0
12, 11, 0
12, 9, 0
12, 5, 0
12, 11, 0
12, 44, 0
12, 3, 0
12, 29, 0
12, 13, 0
12, 1, 0
12, 24, 0
12, 2, 0
12, 16, 0
12, 13, 0
12, 14, 0
12, 5, 0
12, 21, 0
12, 12, 0
12, 18, 0
12, 27, 0
12, 9, 0
12, 8, 0
12, 12, 0
12, 10, 0
12, 1, 0
12, 18, 0
12, 1, 0
12, 48, 0
12, 13, 0
12, 1, 0
12, 14, 0
12, 1, 0
12, 16, 0
12, 2, 0
12, 13, 0
12, 11, 0
12, 11, 0
12, 5, 0
12, 23, 0
12, 12, 0
12, 18, 0
44, 24, 0
44, 2, 0
44, 9, 0
44, 2, 0
44, 5, 0
44, 2, 0
44, 12, 0
44, 2, 0
44, 9, 0
44, 22, 0
44, 12, 0
44, 18, 0
44, 28, 0
44, 11, 0
44, 9, 0
44, 5, 0
44, 11, 0
44, 44, 0
44, 3, 0
44, 29, 0
44, 13, 0
44, 1, 0
44, 24, 1
44, 2, 0
44, 16, 0
44, 13, 0
44, 14, 0
44, 5, 0
44, 21, 0
44, 12, 0
44, 18, 0
44, 27, 0
44, 9, 0
44, 8, 0
44, 12, 0
44, 10, 0
44, 1, 0
44, 18, 0
44, 1, 0
44, 48, 0
44, 13, 0
44, 1, 0
44, 14, 0
44, 1, 0
44, 16, 0
44, 2, 0
44, 13, 0
44, 11, 0
44, 11, 0
44, 5, 0
44, 23, 0
44, 12, 0
44, 18, 0
24, 2, 0
24, 9, 0
24, 2, 0
24, 5, 0
24, 2, 0
24, 12, 0
24, 2, 0
24, 9, 0
24, 22, 0
24, 12, 0
24, 18, 0
24, 28, 0
24, 11, 0
24, 9, 0
24, 5, 0
24, 11, 0
24, 44, 0
24, 3, 0
24, 29, 0
24, 13, 0
24, 1, 0
24, 24, 0
24, 2, 0
24, 16, 0
24, 13, 1
24, 14, 0
24, 5, 0
24, 21, 0
24, 12, 0
24, 18, 0
24, 27, 0
24, 9, 0
24, 8, 0
24, 12, 0
24, 10, 0
24, 1, 0
24, 18, 0
24, 1, 0
24, 48, 0
24, 13, 0
24, 1, 0
24, 14, 0
24, 1, 0
24, 16, 0
24, 2, 0
24, 13, 0
24, 11, 0
24, 11, 0
24, 5, 0
24, 23, 0
24, 12, 0
24, 18, 0
2, 9, 0
2, 2, 0
2, 5, 0
2, 2, 0
2, 12, 0
2, 2, 0
2, 9, 0
2, 22, 0
2, 12, 0
2, 18, 0
2, 28, 0
2, 11, 0
2, 9, 0
2, 5, 0
2, 11, 0
2, 44, 0
2, 3, 0
2, 29, 0
2, 13, 0
2, 1, 0
2, 24, 0
2, 2, 0
2, 16, 0
2, 13, 0
2, 14, 0
2, 5, 0
2, 21, 0
2, 12, 0
2, 18, 0
2, 27, 0
2, 9, 0
2, 8, 0
2, 12, 0
2, 10, 0
2, 1, 0
2, 18, 0
2, 1, 0
2, 48, 0
2, 13, 0
2, 1, 0
2, 14, 0
2, 1, 0
2, 16, 0
2, 2, 0
2, 13, 0
2, 11, 0
2, 11, 0
2, 5, 0
2, 23, 0
2, 12, 0
2, 18, 0
9, 2, 0
9, 5, 0
9, 2, 0
9, 12, 0
9, 2, 0
9, 9, 0
9, 22, 0
9, 12, 0
9, 18, 0
9, 28, 0
9, 11, 0
9, 9, 0
9, 5, 0
9, 11, 0
9, 44, 0
9, 3, 0
9, 29, 0
9, 13, 0
9, 1, 0
9, 24, 0
9, 2, 0
9, 16, 0
9, 13, 0
9, 14, 0
9, 5, 0
9, 21, 0
9, 12, 0
9, 18, 0
9, 27, 0
9, 9, 0
9, 8, 0
9, 12, 0
9, 10, 0
9, 1, 0
9, 18, 0
9, 1, 0
9, 48, 0
9, 13, 0
9, 1, 0
9, 14, 0
9, 1, 0
9, 16, 0
9, 2, 0
9, 13, 0
9, 11, 0
9, 11, 0
9, 5, 0
9, 23, 0
9, 12, 0
9, 18, 0
2, 5, 0
2, 2, 0
2, 12, 0
2, 2, 0
2, 9, 0
2, 22, 0
2, 12, 0
2, 18, 0
2, 28, 0
2, 11, 0
2, 9, 0
2, 5, 0
2, 11, 0
2, 44, 0
2, 3, 0
2, 29, 0
2, 13, 0
2, 1, 0
2, 24, 0
2, 2, 0
2, 16, 0
2, 13, 0
2, 14, 0
2, 5, 0
2, 21, 0
2, 12, 0
2, 18, 0
2, 27, 0
2, 9, 0
2, 8, 0
2, 12, 0
2, 10, 0
2, 1, 0
2, 18, 0
2, 1, 0
2, 48, 0
2, 13, 0
2, 1, 0
2, 14, 0
2, 1, 0
2, 16, 0
2, 2, 0
2, 13, 0
2, 11, 0
2, 11, 0
2, 5, 0
2, 23, 0
2, 12, 0
2, 18, 0
5, 2, 0
5, 12, 0
5, 2, 0
5, 9, 0
5, 22, 0
5, 12, 0
5, 18, 0
5, 28, 0
5, 11, 0
5, 9, 0
5, 5, 0
5, 11, 0
5, 44, 0
5, 3, 0
5, 29, 0
5, 13, 0
5, 1, 0
5, 24, 0
5, 2, 0
5, 16, 0
5, 13, 0
5, 14, 0
5, 5, 0
5, 21, 0
5, 12, 0
5, 18, 0
5, 27, 0
5, 9, 0
5, 8, 0
5, 12, 0
5, 10, 0
5, 1, 0
5, 18, 0
5, 1, 0
5, 48, 0
5, 13, 0
5, 1, 0
5, 14, 0
5, 1, 0
5, 16, 0
5, 2, 0
5, 13, 0
5, 11, 0
5, 11, 0
5, 5, 0
5, 23, 0
5, 12, 0
5, 18, 0
2, 12, 0
2, 2, 0
2, 9, 0
2, 22, 0
2, 12, 0
2, 18, 0
2, 28, 0
2, 11, 0
2, 9, 0
2, 5, 0
2, 11, 0
2, 44, 0
2, 3, 0
2, 29, 0
2, 13, 0
2, 1, 0
2, 24, 0
2, 2, 0
2, 16, 0
2, 13, 0
2, 14, 0
2, 5, 0
2, 21, 0
2, 12, 0
2, 18, 0
2, 27, 0
2, 9, 0
2, 8, 0
2, 12, 0
2, 10, 0
2, 1, 0
2, 18, 0
2, 1, 0
2, 48, 0
2, 13, 0
2, 1, 0
2, 14, 0
2, 1, 0
2, 16, 0
2, 2, 0
2, 13, 0
2, 11, 0
2, 11, 0
2, 5, 0
2, 23, 0
2, 12, 0
2, 18, 0
12, 2, 0
12, 9, 0
12, 22, 0
12, 12, 0
12, 18, 0
12, 28, 0
12, 11, 0
12, 9, 0
12, 5, 0
12, 11, 0
12, 44, 0
12, 3, 0
12, 29, 0
12, 13, 0
12, 1, 0
12, 24, 0
12, 2, 0
12, 16, 0
12, 13, 0
12, 14, 0
12, 5, 0
12, 21, 0
12, 12, 0
12, 18, 0
12, 27, 0
12, 9, 0
12, 8, 0
12, 12, 0
12, 10, 0
12, 1, 0
12, 18, 0
12, 1, 0
12, 48, 0
12, 13, 0
12, 1, 0
12, 14, 0
12, 1, 0
12, 16, 0
12, 2, 0
12, 13, 0
12, 11, 0
12, 11, 0
12, 5, 0
12, 23, 0
12, 12, 0
12, 18, 0
2, 9, 0
2, 22, 0
2, 12, 0
2, 18, 0
2, 28, 0
2, 11, 0
2, 9, 0
2, 5, 0
2, 11, 0
2, 44, 0
2, 3, 0
2, 29, 0
2, 13, 0
2, 1, 0
2, 24, 0
2, 2, 0
2, 16, 0
2, 13, 0
2, 14, 0
2, 5, 0
2, 21, 0
2, 12, 0
2, 18, 0
2, 27, 0
2, 9, 0
2, 8, 0
2, 12, 0
2, 10, 0
2, 1, 0
2, 18, 0
2, 1, 0
2, 48, 0
2, 13, 0
2, 1, 0
2, 14, 0
2, 1, 0
2, 16, 0
2, 2, 0
2, 13, 0
2, 11, 0
2, 11, 0
2, 5, 0
2, 23, 0
2, 12, 0
2, 18, 0
9, 22, 0
9, 12, 0
9, 18, 0
9, 28, 0
9, 11, 0
9, 9, 0
9, 5, 0
9, 11, 0
9, 44, 0
9, 3, 0
9, 29, 0
9, 13, 0
9, 1, 0
9, 24, 0
9, 2, 0
9, 16, 0
9, 13, 0
9, 14, 0
9, 5, 0
9, 21, 0
9, 12, 0
9, 18, 0
9, 27, 0
9, 9, 0
9, 8, 0
9, 12, 0
9, 10, 0
9, 1, 0
9, 18, 0
9, 1, 0
9, 48, 0
9, 13, 0
9, 1, 0
9, 14, 0
9, 1, 0
9, 16, 0
9, 2, 0
9, 13, 0
9, 11, 0
9, 11, 0
9, 5, 0
9, 23, 0
9, 12, 0
9, 18, 0
22, 12, 0
22, 18, 0
22, 28, 1
22, 11, 0
22, 9, 0
22, 5, 0
22, 11, 0
22, 44, 0
22, 3, 0
22, 29, 0
22, 13, 0
22, 1, 0
22, 24, 0
22, 2, 0
22, 16, 0
22, 13, 0
22, 14, 0
22, 5, 0
22, 21, 0
22, 12, 0
22, 18, 0
22, 27, 0
22, 9, 0
22, 8, 0
22, 12, 0
22, 10, 0
22, 1, 0
22, 18, 0
22, 1, 0
22, 48, 0
22, 13, 0
22, 1, 0
22, 14, 0
22, 1, 0
22, 16, 0
22, 2, 0
22, 13, 0
22, 11, 0
22, 11, 0
22, 5, 0
22, 23, 0
22, 12, 0
22, 18, 0
12, 18, 0
12, 28, 0
12, 11, 0
12, 9, 0
12, 5, 0
12, 11, 0
12, 44, 0
12, 3, 0
12, 29, 0
12, 13, 0
12, 1, 0
12, 24, 0
12, 2, 0
12, 16, 0
12, 13, 0
12, 14, 0
12, 5, 0
12, 21, 0
12, 12, 0
12, 18, 0
12, 27, 0
12, 9, 0
12, 8, 0
12, 12, 0
12, 10, 0
12, 1, 0
12, 18, 0
12, 1, 0
12, 48, 0
12, 13, 0
12, 1, 0
12, 14, 0
12, 1, 0
12, 16, 0
12, 2, 0
12, 13, 0
12, 11, 0
12, 11, 0
12, 5, 0
12, 23, 0
12, 12, 0
12, 18, 0
18, 28, 0
18, 11, 0
18, 9, 0
18, 5, 0
18, 11, 0
18, 44, 0
18, 3, 0
18, 29, 0
18, 13, 0
18, 1, 0
18, 24, 0
18, 2, 0
18, 16, 0
18, 13, 0
18, 14, 0
18, 5, 0
18, 21, 0
18, 12, 0
18, 18, 0
18, 27, 0
18, 9, 0
18, 8, 0
18, 12, 0
18, 10, 0
18, 1, 0
18, 18, 0
18, 1, 0
18, 48, 0
18, 13, 0
18, 1, 0
18, 14, 0
18, 1, 0
18, 16, 0
18, 2, 0
18, 13, 0
18, 11, 0
18, 11, 0
18, 5, 0
18, 23, 0
18, 12, 0
18, 18, 0
28, 11, 0
28, 9, 0
28, 5, 0
28, 11, 0
28, 44, 0
28, 3, 0
28, 29, 0
28, 13, 0
28, 1, 0
28, 24, 0
28, 2, 0
28, 16, 0
28, 13, 0
28, 14, 0
28, 5, 0
28, 21, 0
28, 12, 0
28, 18, 1
28, 27, 0
28, 9, 0
28, 8, 0
28, 12, 0
28, 10, 0
28, 1, 0
28, 18, 0
28, 1, 0
28, 48, 0
28, 13, 0
28, 1, 0
28, 14, 0
28, 1, 0
28, 16, 0
28, 2, 0
28, 13, 0
28, 11, 0
28, 11, 0
28, 5, 0
28, 23, 0
28, 12, 0
28, 18, 0
11, 9, 0
11, 5, 0
11, 11, 0
11, 44, 0
11, 3, 0
11, 29, 0
11, 13, 0
11, 1, 0
11, 24, 0
11, 2, 0
11, 16, 0
11, 13, 0
11, 14, 0
11, 5, 0
11, 21, 0
11, 12, 0
11, 18, 0
11, 27, 0
11, 9, 0
11, 8, 0
11, 12, 0
11, 10, 0
11, 1, 0
11, 18, 0
11, 1, 0
11, 48, 0
11, 13, 0
11, 1, 0
11, 14, 0
11, 1, 0
11, 16, 0
11, 2, 0
11, 13, 0
11, 11, 0
11, 11, 0
11, 5, 0
11, 23, 0
11, 12, 0
11, 18, 0
9, 5, 0
9, 11, 0
9, 44, 0
9, 3, 0
9, 29, 0
9, 13, 0
9, 1, 0
9, 24, 0
9, 2, 0
9, 16, 0
9, 13, 0
9, 14, 0
9, 5, 1
9, 21, 0
9, 12, 0
9, 18, 0
9, 27, 0
9, 9, 0
9, 8, 0
9, 12, 0
9, 10, 0
9, 1, 0
9, 18, 0
9, 1, 0
9, 48, 0
9, 13, 0
9, 1, 0
9, 14, 0
9, 1, 0
9, 16, 0
9, 2, 0
9, 13, 0
9, 11, 0
9, 11, 0
9, 5, 0
9, 23, 0
9, 12, 0
9, 18, 0
5, 11, 0
5, 44, 0
5, 3, 0
5, 29, 0
5, 13, 0
5, 1, 0
5, 24, 0
5, 2, 0
5, 16, 0
5, 13, 0
5, 14, 0
5, 5, 0
5, 21, 0
5, 12, 0
5, 18, 0
5, 27, 0
5, 9, 0
5, 8, 0
5, 12, 0
5, 10, 0
5, 1, 0
5, 18, 0
5, 1, 0
5, 48, 0
5, 13, 0
5, 1, 0
5, 14, 0
5, 1, 0
5, 16, 0
5, 2, 0
5, 13, 0
5, 11, 0
5, 11, 0
5, 5, 0
5, 23, 0
5, 12, 0
5, 18, 0
11, 44, 0
11, 3, 0
11, 29, 0
11, 13, 0
11, 1, 0
11, 24, 0
11, 2, 0
11, 16, 0
11, 13, 0
11, 14, 0
11, 5, 0
11, 21, 0
11, 12, 0
11, 18, 0
11, 27, 0
11, 9, 0
11, 8, 0
11, 12, 0
11, 10, 0
11, 1, 0
11, 18, 0
11, 1, 0
11, 48, 0
11, 13, 0
11, 1, 0
11, 14, 0
11, 1, 0
11, 16, 0
11, 2, 0
11, 13, 0
11, 11, 0
11, 11, 0
11, 5, 0
11, 23, 0
11, 12, 0
11, 18, 0
44, 3, 0
44, 29, 0
44, 13, 0
44, 1, 0
44, 24, 0
44, 2, 0
44, 16, 0
44, 13, 0
44, 14, 0
44, 5, 0
44, 21, 0
44, 12, 0
44, 18, 0
44, 27, 0
44, 9, 0
44, 8, 0
44, 12, 0
44, 10, 0
44, 1, 0
44, 18, 0
44, 1, 0
44, 48, 0
44, 13, 0
44, 1, 0
44, 14, 0
44, 1, 0
44, 16, 0
44, 2, 0
44, 13, 0
44, 11, 0
44, 11, 0
44, 5, 0
44, 23, 0
44, 12, 0
44, 18, 0
3, 29, 0
3, 13, 0
3, 1, 0
3, 24, 0
3, 2, 0
3, 16, 0
3, 13, 0
3, 14, 0
3, 5, 0
3, 21, 0
3, 12, 0
3, 18, 0
3, 27, 0
3, 9, 0
3, 8, 0
3, 12, 0
3, 10, 0
3, 1, 0
3, 18, 0
3, 1, 0
3, 48, 0
3, 13, 0
3, 1, 0
3, 14, 0
3, 1, 0
3, 16, 0
3, 2, 0
3, 13, 0
3, 11, 0
3, 11, 0
3, 5, 0
3, 23, 0
3, 12, 0
3, 18, 0
29, 13, 0
29, 1, 0
29, 24, 0
29, 2, 0
29, 16, 0
29, 13, 0
29, 14, 0
29, 5, 0
29, 21, 0
29, 12, 0
29, 18, 0
29, 27, 0
29, 9, 0
29, 8, 0
29, 12, 0
29, 10, 0
29, 1, 0
29, 18, 0
29, 1, 0
29, 48, 0
29, 13, 0
29, 1, 0
29, 14, 0
29, 1, 0
29, 16, 0
29, 2, 0
29, 13, 0
29, 11, 0
29, 11, 0
29, 5, 0
29, 23, 0
29, 12, 0
29, 18, 0
13, 1, 0
13, 24, 0
13, 2, 0
13, 16, 0
13, 13, 0
13, 14, 0
13, 5, 0
13, 21, 0
13, 12, 0
13, 18, 1
13, 27, 0
13, 9, 0
13, 8, 0
13, 12, 0
13, 10, 0
13, 1, 0
13, 18, 0
13, 1, 0
13, 48, 0
13, 13, 0
13, 1, 0
13, 14, 0
13, 1, 0
13, 16, 0
13, 2, 0
13, 13, 0
13, 11, 0
13, 11, 0
13, 5, 0
13, 23, 0
13, 12, 0
13, 18, 0
1, 24, 0
1, 2, 0
1, 16, 0
1, 13, 0
1, 14, 0
1, 5, 0
1, 21, 0
1, 12, 0
1, 18, 0
1, 27, 0
1, 9, 0
1, 8, 0
1, 12, 0
1, 10, 0
1, 1, 0
1, 18, 0
1, 1, 0
1, 48, 0
1, 13, 0
1, 1, 0
1, 14, 0
1, 1, 0
1, 16, 0
1, 2, 0
1, 13, 0
1, 11, 0
1, 11, 0
1, 5, 0
1, 23, 0
1, 12, 0
1, 18, 0
24, 2, 0
24, 16, 0
24, 13, 0
24, 14, 0
24, 5, 0
24, 21, 0
24, 12, 0
24, 18, 0
24, 27, 0
24, 9, 0
24, 8, 0
24, 12, 0
24, 10, 0
24, 1, 0
24, 18, 0
24, 1, 0
24, 48, 0
24, 13, 0
24, 1, 0
24, 14, 0
24, 1, 0
24, 16, 0
24, 2, 0
24, 13, 0
24, 11, 0
24, 11, 0
24, 5, 0
24, 23, 0
24, 12, 0
24, 18, 0
2, 16, 0
2, 13, 0
2, 14, 0
2, 5, 0
2, 21, 0
2, 12, 0
2, 18, 0
2, 27, 0
2, 9, 0
2, 8, 0
2, 12, 0
2, 10, 0
2, 1, 0
2, 18, 1
2, 1, 0
2, 48, 0
2, 13, 0
2, 1, 0
2, 14, 0
2, 1, 0
2, 16, 0
2, 2, 0
2, 13, 0
2, 11, 0
2, 11, 0
2, 5, 0
2, 23, 0
2, 12, 0
2, 18, 0
16, 13, 0
16, 14, 0
16, 5, 0
16, 21, 0
16, 12, 0
16, 18, 0
16, 27, 0
16, 9, 0
16, 8, 0
16, 12, 0
16, 10, 0
16, 1, 0
16, 18, 0
16, 1, 0
16, 48, 0
16, 13, 0
16, 1, 0
16, 14, 0
16, 1, 0
16, 16, 0
16, 2, 0
16, 13, 0
16, 11, 0
16, 11, 0
16, 5, 0
16, 23, 0
16, 12, 0
16, 18, 0
13, 14, 0
13, 5, 0
13, 21, 0
13, 12, 0
13, 18, 0
13, 27, 0
13, 9, 0
13, 8, 0
13, 12, 0
13, 10, 0
13, 1, 0
13, 18, 0
13, 1, 0
13, 48, 0
13, 13, 0
13, 1, 0
13, 14, 0
13, 1, 0
13, 16, 0
13, 2, 0
13, 13, 0
13, 11, 0
13, 11, 0
13, 5, 0
13, 23, 0
13, 12, 0
13, 18, 0
14, 5, 0
14, 21, 0
14, 12, 0
14, 18, 0
14, 27, 0
14, 9, 0
14, 8, 0
14, 12, 0
14, 10, 0
14, 1, 0
14, 18, 0
14, 1, 0
14, 48, 0
14, 13, 0
14, 1, 0
14, 14, 0
14, 1, 0
14, 16, 0
14, 2, 0
14, 13, 0
14, 11, 0
14, 11, 0
14, 5, 0
14, 23, 0
14, 12, 0
14, 18, 0
5, 21, 0
5, 12, 0
5, 18, 0
5, 27, 0
5, 9, 0
5, 8, 0
5, 12, 0
5, 10, 0
5, 1, 0
5, 18, 0
5, 1, 0
5, 48, 0
5, 13, 0
5, 1, 0
5, 14, 0
5, 1, 0
5, 16, 0
5, 2, 0
5, 13, 0
5, 11, 0
5, 11, 0
5, 5, 0
5, 23, 0
5, 12, 0
5, 18, 0
21, 12, 0
21, 18, 0
21, 27, 0
21, 9, 0
21, 8, 0
21, 12, 0
21, 10, 0
21, 1, 0
21, 18, 0
21, 1, 0
21, 48, 0
21, 13, 0
21, 1, 0
21, 14, 0
21, 1, 0
21, 16, 0
21, 2, 0
21, 13, 0
21, 11, 0
21, 11, 0
21, 5, 0
21, 23, 0
21, 12, 0
21, 18, 0
12, 18, 0
12, 27, 0
12, 9, 0
12, 8, 0
12, 12, 0
12, 10, 0
12, 1, 0
12, 18, 0
12, 1, 0
12, 48, 0
12, 13, 0
12, 1, 0
12, 14, 0
12, 1, 0
12, 16, 0
12, 2, 0
12, 13, 0
12, 11, 0
12, 11, 0
12, 5, 0
12, 23, 0
12, 12, 0
12, 18, 0
18, 27, 0
18, 9, 0
18, 8, 0
18, 12, 0
18, 10, 0
18, 1, 0
18, 18, 0
18, 1, 0
18, 48, 0
18, 13, 0
18, 1, 0
18, 14, 0
18, 1, 0
18, 16, 0
18, 2, 0
18, 13, 0
18, 11, 0
18, 11, 0
18, 5, 0
18, 23, 0
18, 12, 0
18, 18, 0
27, 9, 0
27, 8, 0
27, 12, 0
27, 10, 0
27, 1, 0
27, 18, 0
27, 1, 0
27, 48, 0
27, 13, 0
27, 1, 0
27, 14, 0
27, 1, 0
27, 16, 0
27, 2, 0
27, 13, 0
27, 11, 0
27, 11, 0
27, 5, 0
27, 23, 0
27, 12, 0
27, 18, 0
9, 8, 0
9, 12, 0
9, 10, 0
9, 1, 0
9, 18, 0
9, 1, 0
9, 48, 0
9, 13, 0
9, 1, 0
9, 14, 0
9, 1, 0
9, 16, 0
9, 2, 0
9, 13, 0
9, 11, 0
9, 11, 0
9, 5, 0
9, 23, 0
9, 12, 0
9, 18, 0
8, 12, 0
8, 10, 0
8, 1, 0
8, 18, 0
8, 1, 0
8, 48, 0
8, 13, 0
8, 1, 0
8, 14, 0
8, 1, 0
8, 16, 0
8, 2, 0
8, 13, 0
8, 11, 0
8, 11, 0
8, 5, 0
8, 23, 0
8, 12, 0
8, 18, 0
12, 10, 0
12, 1, 0
12, 18, 0
12, 1, 0
12, 48, 0
12, 13, 0
12, 1, 0
12, 14, 0
12, 1, 0
12, 16, 0
12, 2, 0
12, 13, 0
12, 11, 1
12, 11, 0
12, 5, 0
12, 23, 0
12, 12, 0
12, 18, 0
10, 1, 0
10, 18, 0
10, 1, 0
10, 48, 0
10, 13, 0
10, 1, 0
10, 14, 0
10, 1, 0
10, 16, 0
10, 2, 0
10, 13, 0
10, 11, 0
10, 11, 0
10, 5, 0
10, 23, 0
10, 12, 0
10, 18, 0
1, 18, 0
1, 1, 0
1, 48, 0
1, 13, 0
1, 1, 0
1, 14, 0
1, 1, 0
1, 16, 0
1, 2, 0
1, 13, 0
1, 11, 0
1, 11, 0
1, 5, 0
1, 23, 0
1, 12, 0
1, 18, 0
18, 1, 0
18, 48, 0
18, 13, 0
18, 1, 0
18, 14, 0
18, 1, 0
18, 16, 0
18, 2, 0
18, 13, 0
18, 11, 0
18, 11, 0
18, 5, 0
18, 23, 0
18, 12, 0
18, 18, 0
1, 48, 0
1, 13, 0
1, 1, 0
1, 14, 0
1, 1, 0
1, 16, 0
1, 2, 0
1, 13, 0
1, 11, 0
1, 11, 0
1, 5, 0
1, 23, 0
1, 12, 0
1, 18, 0
48, 13, 0
48, 1, 0
48, 14, 0
48, 1, 0
48, 16, 0
48, 2, 0
48, 13, 0
48, 11, 0
48, 11, 0
48, 5, 0
48, 23, 0
48, 12, 0
48, 18, 0
13, 1, 0
13, 14, 0
13, 1, 0
13, 16, 0
13, 2, 0
13, 13, 0
13, 11, 0
13, 11, 0
13, 5, 0
13, 23, 0
13, 12, 0
13, 18, 0
1, 14, 0
1, 1, 0
1, 16, 0
1, 2, 0
1, 13, 0
1, 11, 0
1, 11, 0
1, 5, 0
1, 23, 0
1, 12, 0
1, 18, 0
14, 1, 0
14, 16, 0
14, 2, 0
14, 13, 0
14, 11, 0
14, 11, 0
14, 5, 0
14, 23, 0
14, 12, 0
14, 18, 0
1, 16, 0
1, 2, 0
1, 13, 0
1, 11, 0
1, 11, 0
1, 5, 0
1, 23, 0
1, 12, 0
1, 18, 0
16, 2, 0
16, 13, 0
16, 11, 0
16, 11, 0
16, 5, 0
16, 23, 0
16, 12, 0
16, 18, 0
2, 13, 0
2, 11, 0
2, 11, 0
2, 5, 0
2, 23, 0
2, 12, 0
2, 18, 0
13, 11, 0
13, 11, 0
13, 5, 0
13, 23, 0
13, 12, 0
13, 18, 0
11, 11, 0
11, 5, 0
11, 23, 0
11, 12, 0
11, 18, 0
11, 5, 0
11, 23, 0
11, 12, 0
11, 18, 0
5, 23, 0
5, 12, 0
5, 18, 0
23, 12, 0
23, 18, 0
12, 18, 0
23, 8, 0
23, 4, 0
23, 4, 0
23, 5, 0
23, 3, 0
23, 1, 0
23, 18, 0
23, 18, 0
23, 8, 0
23, 23, 0
23, 3, 0
23, 27, 0
23, 13, 0
23, 1, 1
23, 14, 0
23, 1, 0
23, 22, 0
23, 9, 0
23, 25, 0
23, 15, 0
23, 10, 0
23, 11, 0
23, 5, 0
8, 4, 0
8, 4, 0
8, 5, 0
8, 3, 0
8, 1, 0
8, 18, 0
8, 18, 0
8, 8, 0
8, 23, 0
8, 3, 0
8, 27, 0
8, 13, 0
8, 1, 0
8, 14, 0
8, 1, 0
8, 22, 0
8, 9, 0
8, 25, 0
8, 15, 0
8, 10, 0
8, 11, 0
8, 5, 0
4, 4, 0
4, 5, 0
4, 3, 0
4, 1, 0
4, 18, 0
4, 18, 0
4, 8, 0
4, 23, 0
4, 3, 0
4, 27, 0
4, 13, 0
4, 1, 0
4, 14, 0
4, 1, 0
4, 22, 0
4, 9, 0
4, 25, 0
4, 15, 0
4, 10, 0
4, 11, 0
4, 5, 0
4, 5, 0
4, 3, 0
4, 1, 0
4, 18, 0
4, 18, 0
4, 8, 0
4, 23, 0
4, 3, 0
4, 27, 0
4, 13, 0
4, 1, 0
4, 14, 0
4, 1, 0
4, 22, 0
4, 9, 0
4, 25, 0
4, 15, 0
4, 10, 0
4, 11, 0
4, 5, 0
5, 3, 0
5, 1, 0
5, 18, 0
5, 18, 0
5, 8, 0
5, 23, 0
5, 3, 0
5, 27, 0
5, 13, 0
5, 1, 0
5, 14, 0
5, 1, 0
5, 22, 0
5, 9, 0
5, 25, 0
5, 15, 0
5, 10, 0
5, 11, 0
5, 5, 0
3, 1, 0
3, 18, 0
3, 18, 0
3, 8, 0
3, 23, 0
3, 3, 0
3, 27, 0
3, 13, 0
3, 1, 0
3, 14, 0
3, 1, 0
3, 22, 0
3, 9, 0
3, 25, 0
3, 15, 0
3, 10, 0
3, 11, 0
3, 5, 0
1, 18, 0
1, 18, 0
1, 8, 0
1, 23, 0
1, 3, 0
1, 27, 0
1, 13, 0
1, 1, 0
1, 14, 0
1, 1, 0
1, 22, 0
1, 9, 0
1, 25, 0
1, 15, 0
1, 10, 0
1, 11, 0
1, 5, 0
18, 18, 0
18, 8, 0
18, 23, 0
18, 3, 0
18, 27, 0
18, 13, 0
18, 1, 0
18, 14, 0
18, 1, 0
18, 22, 0
18, 9, 0
18, 25, 0
18, 15, 0
18, 10, 0
18, 11, 0
18, 5, 0
18, 8, 0
18, 23, 0
18, 3, 0
18, 27, 0
18, 13, 0
18, 1, 0
18, 14, 0
18, 1, 0
18, 22, 0
18, 9, 0
18, 25, 0
18, 15, 0
18, 10, 0
18, 11, 0
18, 5, 0
8, 23, 0
8, 3, 0
8, 27, 0
8, 13, 0
8, 1, 0
8, 14, 0
8, 1, 0
8, 22, 0
8, 9, 0
8, 25, 0
8, 15, 0
8, 10, 0
8, 11, 0
8, 5, 0
23, 3, 0
23, 27, 0
23, 13, 0
23, 1, 0
23, 14, 0
23, 1, 0
23, 22, 0
23, 9, 0
23, 25, 0
23, 15, 0
23, 10, 0
23, 11, 0
23, 5, 0
3, 27, 0
3, 13, 0
3, 1, 0
3, 14, 0
3, 1, 0
3, 22, 0
3, 9, 0
3, 25, 0
3, 15, 0
3, 10, 0
3, 11, 0
3, 5, 0
27, 13, 0
27, 1, 0
27, 14, 0
27, 1, 0
27, 22, 0
27, 9, 0
27, 25, 0
27, 15, 0
27, 10, 0
27, 11, 0
27, 5, 0
13, 1, 0
13, 14, 0
13, 1, 0
13, 22, 0
13, 9, 0
13, 25, 0
13, 15, 0
13, 10, 0
13, 11, 0
13, 5, 0
1, 14, 0
1, 1, 0
1, 22, 0
1, 9, 0
1, 25, 0
1, 15, 0
1, 10, 0
1, 11, 0
1, 5, 0
14, 1, 0
14, 22, 0
14, 9, 0
14, 25, 0
14, 15, 0
14, 10, 0
14, 11, 0
14, 5, 0
1, 22, 0
1, 9, 0
1, 25, 0
1, 15, 0
1, 10, 0
1, 11, 0
1, 5, 0
22, 9, 0
22, 25, 0
22, 15, 0
22, 10, 0
22, 11, 0
22, 5, 0
9, 25, 0
9, 15, 0
9, 10, 0
9, 11, 0
9, 5, 0
25, 15, 0
25, 10, 0
25, 11, 0
25, 5, 0
15, 10, 0
15, 11, 0
15, 5, 0
10, 11, 0
10, 5, 0
11, 5, 0
19, 12, 0
19, 18, 0
19, 15, 0
19, 23, 0
19, 7, 0
19, 7, 0
19, 6, 0
19, 7, 0
19, 9, 0
19, 34, 0
19, 3, 0
19, 59, 0
19, 13, 0
19, 1, 0
19, 15, 0
19, 1, 0
19, 23, 0
19, 2, 0
19, 16, 0
19, 13, 0
19, 13, 0
19, 14, 0
19, 5, 0
12, 18, 0
12, 15, 0
12, 23, 0
12, 7, 0
12, 7, 0
12, 6, 0
12, 7, 0
12, 9, 0
12, 34, 0
12, 3, 0
12, 59, 0
12, 13, 0
12, 1, 0
12, 15, 0
12, 1, 0
12, 23, 0
12, 2, 0
12, 16, 0
12, 13, 0
12, 13, 0
12, 14, 0
12, 5, 0
18, 15, 0
18, 23, 0
18, 7, 0
18, 7, 0
18, 6, 0
18, 7, 0
18, 9, 0
18, 34, 0
18, 3, 0
18, 59, 0
18, 13, 0
18, 1, 0
18, 15, 0
18, 1, 0
18, 23, 0
18, 2, 0
18, 16, 0
18, 13, 0
18, 13, 0
18, 14, 0
18, 5, 0
15, 23, 0
15, 7, 0
15, 7, 0
15, 6, 0
15, 7, 0
15, 9, 0
15, 34, 0
15, 3, 0
15, 59, 0
15, 13, 0
15, 1, 0
15, 15, 0
15, 1, 0
15, 23, 0
15, 2, 0
15, 16, 0
15, 13, 0
15, 13, 0
15, 14, 0
15, 5, 0
23, 7, 0
23, 7, 0
23, 6, 0
23, 7, 0
23, 9, 0
23, 34, 0
23, 3, 0
23, 59, 0
23, 13, 0
23, 1, 0
23, 15, 0
23, 1, 0
23, 23, 0
23, 2, 0
23, 16, 0
23, 13, 0
23, 13, 0
23, 14, 0
23, 5, 0
7, 7, 0
7, 6, 0
7, 7, 0
7, 9, 0
7, 34, 0
7, 3, 0
7, 59, 0
7, 13, 0
7, 1, 0
7, 15, 0
7, 1, 0
7, 23, 0
7, 2, 0
7, 16, 0
7, 13, 0
7, 13, 0
7, 14, 0
7, 5, 0
7, 6, 0
7, 7, 0
7, 9, 0
7, 34, 0
7, 3, 0
7, 59, 0
7, 13, 0
7, 1, 0
7, 15, 0
7, 1, 0
7, 23, 0
7, 2, 0
7, 16, 0
7, 13, 0
7, 13, 0
7, 14, 0
7, 5, 0
6, 7, 0
6, 9, 0
6, 34, 0
6, 3, 0
6, 59, 0
6, 13, 0
6, 1, 0
6, 15, 0
6, 1, 0
6, 23, 0
6, 2, 0
6, 16, 0
6, 13, 0
6, 13, 0
6, 14, 0
6, 5, 0
7, 9, 0
7, 34, 0
7, 3, 0
7, 59, 0
7, 13, 0
7, 1, 0
7, 15, 0
7, 1, 0
7, 23, 0
7, 2, 0
7, 16, 0
7, 13, 0
7, 13, 0
7, 14, 0
7, 5, 0
9, 34, 0
9, 3, 0
9, 59, 1
9, 13, 0
9, 1, 0
9, 15, 0
9, 1, 0
9, 23, 0
9, 2, 0
9, 16, 0
9, 13, 0
9, 13, 0
9, 14, 0
9, 5, 0
34, 3, 0
34, 59, 0
34, 13, 0
34, 1, 0
34, 15, 0
34, 1, 0
34, 23, 0
34, 2, 0
34, 16, 0
34, 13, 0
34, 13, 0
34, 14, 0
34, 5, 0
3, 59, 0
3, 13, 0
3, 1, 0
3, 15, 0
3, 1, 0
3, 23, 0
3, 2, 0
3, 16, 0
3, 13, 0
3, 13, 0
3, 14, 0
3, 5, 0
59, 13, 0
59, 1, 0
59, 15, 0
59, 1, 0
59, 23, 0
59, 2, 0
59, 16, 0
59, 13, 0
59, 13, 0
59, 14, 0
59, 5, 0
13, 1, 0
13, 15, 0
13, 1, 0
13, 23, 0
13, 2, 0
13, 16, 0
13, 13, 0
13, 13, 0
13, 14, 0
13, 5, 0
1, 15, 0
1, 1, 0
1, 23, 0
1, 2, 0
1, 16, 0
1, 13, 0
1, 13, 0
1, 14, 0
1, 5, 0
15, 1, 0
15, 23, 0
15, 2, 0
15, 16, 0
15, 13, 0
15, 13, 0
15, 14, 0
15, 5, 0
1, 23, 0
1, 2, 0
1, 16, 0
1, 13, 0
1, 13, 0
1, 14, 0
1, 5, 0
23, 2, 0
23, 16, 0
23, 13, 0
23, 13, 0
23, 14, 0
23, 5, 0
2, 16, 0
2, 13, 0
2, 13, 0
2, 14, 0
2, 5, 0
16, 13, 0
16, 13, 0
16, 14, 0
16, 5, 0
13, 13, 0
13, 14, 0
13, 5, 0
13, 14, 0
13, 5, 0
14, 5, 0
1, 22, 0
1, 22, 0
1, 1, 0
1, 14, 0
1, 2, 0
1, 5, 0
22, 22, 0
22, 1, 0
22, 14, 0
22, 2, 0
22, 5, 0
22, 1, 0
22, 14, 0
22, 2, 0
22, 5, 0
1, 14, 0
1, 2, 0
1, 5, 0
14, 2, 0
14, 5, 0
2, 5, 0
1, 126, 0
1, 2, 0
1, 5, 0
126, 2, 0
126, 5, 0
2, 5, 0
2, 12, 0
2, 30, 0
2, 40, 0
2, 33, 0
2, 1, 0
2, 54, 0
2, 9, 0
2, 1, 0
2, 16, 0
2, 1, 0
2, 24, 0
2, 1, 0
2, 31, 0
2, 1, 0
2, 19, 0
2, 22, 0
2, 19, 0
2, 26, 0
2, 17, 0
2, 16, 0
2, 27, 0
2, 10, 0
2, 37, 0
2, 1, 0
2, 1, 0
2, 22, 0
2, 1, 0
2, 17, 0
2, 1, 0
2, 4, 0
2, 6, 0
2, 1, 0
2, 6, 0
2, 1, 0
2, 28, 0
2, 1, 0
2, 36, 0
2, 8, 0
12, 30, 0
12, 40, 0
12, 33, 0
12, 1, 0
12, 54, 0
12, 9, 0
12, 1, 0
12, 16, 0
12, 1, 0
12, 24, 0
12, 1, 0
12, 31, 0
12, 1, 0
12, 19, 0
12, 22, 0
12, 19, 0
12, 26, 0
12, 17, 0
12, 16, 0
12, 27, 0
12, 10, 0
12, 37, 0
12, 1, 0
12, 1, 0
12, 22, 0
12, 1, 0
12, 17, 0
12, 1, 0
12, 4, 0
12, 6, 0
12, 1, 0
12, 6, 0
12, 1, 0
12, 28, 0
12, 1, 0
12, 36, 0
12, 8, 0
30, 40, 0
30, 33, 0
30, 1, 0
30, 54, 0
30, 9, 0
30, 1, 0
30, 16, 0
30, 1, 0
30, 24, 0
30, 1, 0
30, 31, 0
30, 1, 0
30, 19, 0
30, 22, 0
30, 19, 0
30, 26, 0
30, 17, 0
30, 16, 0
30, 27, 0
30, 10, 0
30, 37, 0
30, 1, 0
30, 1, 0
30, 22, 1
30, 1, 0
30, 17, 0
30, 1, 0
30, 4, 0
30, 6, 0
30, 1, 0
30, 6, 0
30, 1, 0
30, 28, 0
30, 1, 0
30, 36, 0
30, 8, 0
40, 33, 0
40, 1, 0
40, 54, 0
40, 9, 0
40, 1, 0
40, 16, 0
40, 1, 0
40, 24, 0
40, 1, 0
40, 31, 0
40, 1, 0
40, 19, 0
40, 22, 1
40, 19, 0
40, 26, 0
40, 17, 0
40, 16, 0
40, 27, 0
40, 10, 0
40, 37, 0
40, 1, 0
40, 1, 0
40, 22, 0
40, 1, 0
40, 17, 0
40, 1, 0
40, 4, 0
40, 6, 0
40, 1, 0
40, 6, 0
40, 1, 0
40, 28, 0
40, 1, 0
40, 36, 3
40, 8, 0
33, 1, 0
33, 54, 0
33, 9, 0
33, 1, 0
33, 16, 0
33, 1, 0
33, 24, 0
33, 1, 0
33, 31, 0
33, 1, 0
33, 19, 0
33, 22, 0
33, 19, 0
33, 26, 0
33, 17, 0
33, 16, 0
33, 27, 0
33, 10, 0
33, 37, 0
33, 1, 0
33, 1, 0
33, 22, 0
33, 1, 0
33, 17, 0
33, 1, 0
33, 4, 0
33, 6, 0
33, 1, 0
33, 6, 0
33, 1, 0
33, 28, 0
33, 1, 0
33, 36, 0
33, 8, 0
1, 54, 0
1, 9, 0
1, 1, 0
1, 16, 0
1, 1, 0
1, 24, 0
1, 1, 0
1, 31, 0
1, 1, 0
1, 19, 0
1, 22, 0
1, 19, 0
1, 26, 0
1, 17, 0
1, 16, 0
1, 27, 0
1, 10, 0
1, 37, 0
1, 1, 0
1, 1, 0
1, 22, 0
1, 1, 0
1, 17, 0
1, 1, 0
1, 4, 0
1, 6, 0
1, 1, 0
1, 6, 0
1, 1, 0
1, 28, 0
1, 1, 0
1, 36, 0
1, 8, 0
54, 9, 0
54, 1, 0
54, 16, 0
54, 1, 0
54, 24, 0
54, 1, 0
54, 31, 0
54, 1, 0
54, 19, 0
54, 22, 0
54, 19, 1
54, 26, 0
54, 17, 0
54, 16, 0
54, 27, 0
54, 10, 0
54, 37, 0
54, 1, 0
54, 1, 0
54, 22, 0
54, 1, 0
54, 17, 0
54, 1, 0
54, 4, 0
54, 6, 0
54, 1, 0
54, 6, 0
54, 1, 0
54, 28, 0
54, 1, 0
54, 36, 0
54, 8, 0
9, 1, 0
9, 16, 0
9, 1, 0
9, 24, 0
9, 1, 0
9, 31, 0
9, 1, 0
9, 19, 0
9, 22, 0
9, 19, 0
9, 26, 0
9, 17, 0
9, 16, 0
9, 27, 0
9, 10, 0
9, 37, 0
9, 1, 0
9, 1, 0
9, 22, 0
9, 1, 0
9, 17, 0
9, 1, 0
9, 4, 0
9, 6, 0
9, 1, 0
9, 6, 0
9, 1, 0
9, 28, 0
9, 1, 0
9, 36, 0
9, 8, 0
1, 16, 0
1, 1, 0
1, 24, 0
1, 1, 0
1, 31, 0
1, 1, 0
1, 19, 0
1, 22, 0
1, 19, 0
1, 26, 0
1, 17, 0
1, 16, 0
1, 27, 0
1, 10, 0
1, 37, 0
1, 1, 0
1, 1, 0
1, 22, 0
1, 1, 0
1, 17, 0
1, 1, 0
1, 4, 0
1, 6, 0
1, 1, 0
1, 6, 0
1, 1, 0
1, 28, 0
1, 1, 0
1, 36, 0
1, 8, 0
16, 1, 0
16, 24, 0
16, 1, 0
16, 31, 0
16, 1, 0
16, 19, 0
16, 22, 0
16, 19, 0
16, 26, 0
16, 17, 0
16, 16, 0
16, 27, 0
16, 10, 0
16, 37, 0
16, 1, 0
16, 1, 0
16, 22, 0
16, 1, 0
16, 17, 0
16, 1, 0
16, 4, 0
16, 6, 0
16, 1, 0
16, 6, 0
16, 1, 0
16, 28, 0
16, 1, 0
16, 36, 0
16, 8, 0
1, 24, 0
1, 1, 0
1, 31, 0
1, 1, 0
1, 19, 0
1, 22, 0
1, 19, 0
1, 26, 0
1, 17, 0
1, 16, 0
1, 27, 0
1, 10, 0
1, 37, 0
1, 1, 0
1, 1, 0
1, 22, 0
1, 1, 0
1, 17, 0
1, 1, 0
1, 4, 0
1, 6, 0
1, 1, 0
1, 6, 0
1, 1, 0
1, 28, 0
1, 1, 0
1, 36, 0
1, 8, 0
24, 1, 0
24, 31, 0
24, 1, 0
24, 19, 0
24, 22, 0
24, 19, 0
24, 26, 0
24, 17, 0
24, 16, 0
24, 27, 0
24, 10, 0
24, 37, 0
24, 1, 0
24, 1, 0
24, 22, 0
24, 1, 0
24, 17, 0
24, 1, 0
24, 4, 0
24, 6, 0
24, 1, 0
24, 6, 0
24, 1, 1
24, 28, 0
24, 1, 0
24, 36, 0
24, 8, 0
1, 31, 0
1, 1, 0
1, 19, 0
1, 22, 0
1, 19, 0
1, 26, 0
1, 17, 0
1, 16, 0
1, 27, 0
1, 10, 0
1, 37, 0
1, 1, 0
1, 1, 0
1, 22, 0
1, 1, 0
1, 17, 0
1, 1, 0
1, 4, 0
1, 6, 0
1, 1, 0
1, 6, 0
1, 1, 0
1, 28, 0
1, 1, 0
1, 36, 0
1, 8, 0
31, 1, 0
31, 19, 0
31, 22, 0
31, 19, 0
31, 26, 0
31, 17, 0
31, 16, 0
31, 27, 0
31, 10, 0
31, 37, 0
31, 1, 0
31, 1, 0
31, 22, 0
31, 1, 0
31, 17, 0
31, 1, 0
31, 4, 0
31, 6, 0
31, 1, 0
31, 6, 0
31, 1, 0
31, 28, 0
31, 1, 0
31, 36, 0
31, 8, 0
1, 19, 0
1, 22, 0
1, 19, 0
1, 26, 0
1, 17, 0
1, 16, 0
1, 27, 0
1, 10, 1
1, 37, 0
1, 1, 0
1, 1, 0
1, 22, 0
1, 1, 0
1, 17, 0
1, 1, 0
1, 4, 0
1, 6, 0
1, 1, 4
1, 6, 0
1, 1, 0
1, 28, 0
1, 1, 0
1, 36, 0
1, 8, 0
19, 22, 0
19, 19, 0
19, 26, 0
19, 17, 0
19, 16, 0
19, 27, 0
19, 10, 0
19, 37, 0
19, 1, 0
19, 1, 0
19, 22, 0
19, 1, 0
19, 17, 0
19, 1, 0
19, 4, 0
19, 6, 0
19, 1, 0
19, 6, 0
19, 1, 0
19, 28, 0
19, 1, 0
19, 36, 0
19, 8, 0
22, 19, 0
22, 26, 0
22, 17, 0
22, 16, 0
22, 27, 0
22, 10, 0
22, 37, 0
22, 1, 0
22, 1, 0
22, 22, 0
22, 1, 0
22, 17, 0
22, 1, 0
22, 4, 0
22, 6, 0
22, 1, 0
22, 6, 0
22, 1, 0
22, 28, 0
22, 1, 0
22, 36, 0
22, 8, 0
19, 26, 2
19, 17, 0
19, 16, 0
19, 27, 0
19, 10, 0
19, 37, 0
19, 1, 0
19, 1, 0
19, 22, 0
19, 1, 0
19, 17, 0
19, 1, 0
19, 4, 0
19, 6, 0
19, 1, 0
19, 6, 0
19, 1, 0
19, 28, 0
19, 1, 0
19, 36, 0
19, 8, 0
26, 17, 0
26, 16, 0
26, 27, 0
26, 10, 0
26, 37, 0
26, 1, 0
26, 1, 0
26, 22, 0
26, 1, 0
26, 17, 0
26, 1, 0
26, 4, 0
26, 6, 0
26, 1, 0
26, 6, 0
26, 1, 0
26, 28, 0
26, 1, 0
26, 36, 0
26, 8, 0
17, 16, 0
17, 27, 0
17, 10, 0
17, 37, 0
17, 1, 0
17, 1, 0
17, 22, 0
17, 1, 0
17, 17, 0
17, 1, 0
17, 4, 0
17, 6, 0
17, 1, 0
17, 6, 0
17, 1, 0
17, 28, 0
17, 1, 0
17, 36, 0
17, 8, 0
16, 27, 0
16, 10, 0
16, 37, 0
16, 1, 0
16, 1, 0
16, 22, 0
16, 1, 0
16, 17, 0
16, 1, 0
16, 4, 0
16, 6, 0
16, 1, 0
16, 6, 0
16, 1, 0
16, 28, 0
16, 1, 0
16, 36, 0
16, 8, 0
27, 10, 0
27, 37, 0
27, 1, 0
27, 1, 0
27, 22, 0
27, 1, 0
27, 17, 0
27, 1, 0
27, 4, 0
27, 6, 0
27, 1, 0
27, 6, 0
27, 1, 0
27, 28, 0
27, 1, 0
27, 36, 0
27, 8, 0
10, 37, 0
10, 1, 0
10, 1, 0
10, 22, 0
10, 1, 0
10, 17, 0
10, 1, 0
10, 4, 0
10, 6, 0
10, 1, 0
10, 6, 0
10, 1, 0
10, 28, 0
10, 1, 0
10, 36, 0
10, 8, 0
37, 1, 0
37, 1, 0
37, 22, 0
37, 1, 0
37, 17, 0
37, 1, 0
37, 4, 0
37, 6, 0
37, 1, 0
37, 6, 0
37, 1, 0
37, 28, 0
37, 1, 0
37, 36, 0
37, 8, 0
1, 1, 0
1, 22, 0
1, 1, 0
1, 17, 0
1, 1, 0
1, 4, 0
1, 6, 0
1, 1, 0
1, 6, 0
1, 1, 0
1, 28, 0
1, 1, 0
1, 36, 0
1, 8, 0
1, 22, 0
1, 1, 0
1, 17, 0
1, 1, 0
1, 4, 0
1, 6, 0
1, 1, 0
1, 6, 0
1, 1, 0
1, 28, 0
1, 1, 0
1, 36, 0
1, 8, 0
22, 1, 0
22, 17, 0
22, 1, 0
22, 4, 0
22, 6, 0
22, 1, 0
22, 6, 0
22, 1, 0
22, 28, 0
22, 1, 0
22, 36, 0
22, 8, 0
1, 17, 0
1, 1, 0
1, 4, 0
1, 6, 0
1, 1, 0
1, 6, 0
1, 1, 0
1, 28, 0
1, 1, 0
1, 36, 0
1, 8, 0
17, 1, 0
17, 4, 0
17, 6, 0
17, 1, 0
17, 6, 0
17, 1, 0
17, 28, 0
17, 1, 0
17, 36, 0
17, 8, 0
1, 4, 0
1, 6, 0
1, 1, 0
1, 6, 0
1, 1, 0
1, 28, 0
1, 1, 0
1, 36, 0
1, 8, 0
4, 6, 0
4, 1, 0
4, 6, 0
4, 1, 0
4, 28, 0
4, 1, 0
4, 36, 0
4, 8, 0
6, 1, 0
6, 6, 0
6, 1, 0
6, 28, 0
6, 1, 0
6, 36, 0
6, 8, 0
1, 6, 0
1, 1, 0
1, 28, 0
1, 1, 0
1, 36, 0
1, 8, 0
6, 1, 0
6, 28, 0
6, 1, 0
6, 36, 0
6, 8, 0
1, 28, 0
1, 1, 0
1, 36, 0
1, 8, 0
28, 1, 0
28, 36, 0
28, 8, 0
1, 36, 0
1, 8, 0
36, 8, 0
25, 15, 0
25, 44, 0
25, 3, 0
25, 15, 0
25, 18, 0
25, 18, 0
25, 7, 1
25, 4, 0
25, 2, 0
25, 128, 0
25, 18, 0
25, 9, 0
25, 10, 0
25, 10, 0
25, 16, 0
25, 5, 0
25, 16, 0
25, 22, 0
25, 11, 0
25, 13, 0
25, 5, 0
25, 34, 0
25, 12, 0
25, 4, 0
25, 21, 0
25, 32, 0
25, 16, 0
25, 14, 0
25, 16, 0
25, 16, 0
25, 22, 0
25, 9, 0
25, 21, 0
25, 42, 0
25, 9, 0
25, 19, 0
25, 21, 0
25, 18, 0
25, 23, 0
25, 18, 0
25, 10, 0
25, 14, 1
25, 18, 0
25, 10, 0
25, 20, 0
25, 13, 0
25, 22, 0
25, 46, 0
25, 13, 0
25, 35, 0
25, 9, 0
25, 43, 0
25, 60, 0
25, 18, 0
25, 35, 0
25, 12, 0
25, 20, 0
25, 18, 0
25, 16, 0
25, 38, 0
25, 29, 0
25, 12, 0
25, 5, 0
25, 28, 0
25, 56, 0
15, 44, 0
15, 3, 0
15, 15, 0
15, 18, 0
15, 18, 0
15, 7, 0
15, 4, 0
15, 2, 0
15, 128, 1
15, 18, 0
15, 9, 0
15, 10, 0
15, 10, 0
15, 16, 0
15, 5, 0
15, 16, 0
15, 22, 0
15, 11, 0
15, 13, 0
15, 5, 0
15, 34, 0
15, 12, 0
15, 4, 0
15, 21, 0
15, 32, 0
15, 16, 0
15, 14, 0
15, 16, 0
15, 16, 0
15, 22, 0
15, 9, 0
15, 21, 0
15, 42, 0
15, 9, 0
15, 19, 0
15, 21, 0
15, 18, 0
15, 23, 0
15, 18, 0
15, 10, 0
15, 14, 0
15, 18, 0
15, 10, 0
15, 20, 0
15, 13, 0
15, 22, 0
15, 46, 0
15, 13, 0
15, 35, 0
15, 9, 0
15, 43, 0
15, 60, 0
15, 18, 0
15, 35, 0
15, 12, 0
15, 20, 0
15, 18, 0
15, 16, 0
15, 38, 1
15, 29, 0
15, 12, 0
15, 5, 0
15, 28, 0
15, 56, 0
44, 3, 0
44, 15, 0
44, 18, 0
44, 18, 0
44, 7, 0
44, 4, 0
44, 2, 0
44, 128, 8
44, 18, 0
44, 9, 0
44, 10, 0
44, 10, 0
44, 16, 0
44, 5, 0
44, 16, 0
44, 22, 0
44, 11, 0
44, 13, 0
44, 5, 0
44, 34, 0
44, 12, 0
44, 4, 0
44, 21, 0
44, 32, 0
44, 16, 0
44, 14, 0
44, 16, 0
44, 16, 0
44, 22, 0
44, 9, 0
44, 21, 0
44, 42, 0
44, 9, 0
44, 19, 0
44, 21, 0
44, 18, 0
44, 23, 0
44, 18, 0
44, 10, 0
44, 14, 0
44, 18, 0
44, 10, 0
44, 20, 0
44, 13, 0
44, 22, 0
44, 46, 0
44, 13, 0
44, 35, 1
44, 9, 0
44, 43, 0
44, 60, 0
44, 18, 0
44, 35, 0
44, 12, 0
44, 20, 0
44, 18, 0
44, 16, 0
44, 38, 1
44, 29, 0
44, 12, 0
44, 5, 0
44, 28, 0
44, 56, 0
3, 15, 0
3, 18, 0
3, 18, 0
3, 7, 0
3, 4, 0
3, 2, 0
3, 128, 0
3, 18, 0
3, 9, 0
3, 10, 0
3, 10, 0
3, 16, 0
3, 5, 0
3, 16, 0
3, 22, 0
3, 11, 0
3, 13, 0
3, 5, 0
3, 34, 0
3, 12, 0
3, 4, 0
3, 21, 0
3, 32, 0
3, 16, 0
3, 14, 0
3, 16, 0
3, 16, 0
3, 22, 0
3, 9, 0
3, 21, 0
3, 42, 0
3, 9, 0
3, 19, 0
3, 21, 0
3, 18, 0
3, 23, 0
3, 18, 0
3, 10, 0
3, 14, 0
3, 18, 0
3, 10, 0
3, 20, 0
3, 13, 0
3, 22, 0
3, 46, 0
3, 13, 0
3, 35, 0
3, 9, 0
3, 43, 0
3, 60, 0
3, 18, 0
3, 35, 0
3, 12, 0
3, 20, 0
3, 18, 0
3, 16, 0
3, 38, 0
3, 29, 0
3, 12, 0
3, 5, 0
3, 28, 0
3, 56, 0
15, 18, 0
15, 18, 0
15, 7, 0
15, 4, 0
15, 2, 0
15, 128, 1
15, 18, 0
15, 9, 0
15, 10, 0
15, 10, 0
15, 16, 0
15, 5, 0
15, 16, 0
15, 22, 0
15, 11, 0
15, 13, 0
15, 5, 0
15, 34, 0
15, 12, 0
15, 4, 0
15, 21, 0
15, 32, 0
15, 16, 0
15, 14, 0
15, 16, 0
15, 16, 0
15, 22, 0
15, 9, 0
15, 21, 0
15, 42, 0
15, 9, 0
15, 19, 0
15, 21, 0
15, 18, 0
15, 23, 0
15, 18, 0
15, 10, 0
15, 14, 0
15, 18, 0
15, 10, 0
15, 20, 0
15, 13, 0
15, 22, 0
15, 46, 0
15, 13, 0
15, 35, 0
15, 9, 0
15, 43, 0
15, 60, 0
15, 18, 0
15, 35, 0
15, 12, 0
15, 20, 0
15, 18, 0
15, 16, 0
15, 38, 0
15, 29, 0
15, 12, 0
15, 5, 0
15, 28, 0
15, 56, 0
18, 18, 0
18, 7, 0
18, 4, 0
18, 2, 0
18, 128, 0
18, 18, 0
18, 9, 0
18, 10, 0
18, 10, 0
18, 16, 0
18, 5, 0
18, 16, 0
18, 22, 1
18, 11, 0
18, 13, 0
18, 5, 0
18, 34, 0
18, 12, 0
18, 4, 0
18, 21, 0
18, 32, 0
18, 16, 0
18, 14, 0
18, 16, 0
18, 16, 0
18, 22, 0
18, 9, 0
18, 21, 0
18, 42, 0
18, 9, 0
18, 19, 0
18, 21, 0
18, 18, 0
18, 23, 0
18, 18, 0
18, 10, 0
18, 14, 0
18, 18, 0
18, 10, 0
18, 20, 0
18, 13, 0
18, 22, 0
18, 46, 0
18, 13, 0
18, 35, 0
18, 9, 0
18, 43, 0
18, 60, 0
18, 18, 0
18, 35, 0
18, 12, 0
18, 20, 0
18, 18, 0
18, 16, 0
18, 38, 1
18, 29, 0
18, 12, 0
18, 5, 0
18, 28, 0
18, 56, 0
18, 7, 0
18, 4, 0
18, 2, 0
18, 128, 0
18, 18, 0
18, 9, 0
18, 10, 0
18, 10, 0
18, 16, 0
18, 5, 0
18, 16, 0
18, 22, 0
18, 11, 0
18, 13, 0
18, 5, 0
18, 34, 0
18, 12, 0
18, 4, 0
18, 21, 0
18, 32, 0
18, 16, 0
18, 14, 0
18, 16, 0
18, 16, 0
18, 22, 0
18, 9, 0
18, 21, 0
18, 42, 0
18, 9, 0
18, 19, 0
18, 21, 0
18, 18, 0
18, 23, 0
18, 18, 0
18, 10, 0
18, 14, 0
18, 18, 0
18, 10, 0
18, 20, 0
18, 13, 0
18, 22, 0
18, 46, 0
18, 13, 0
18, 35, 0
18, 9, 0
18, 43, 0
18, 60, 0
18, 18, 0
18, 35, 0
18, 12, 0
18, 20, 0
18, 18, 0
18, 16, 0
18, 38, 0
18, 29, 0
18, 12, 0
18, 5, 0
18, 28, 0
18, 56, 0
7, 4, 0
7, 2, 0
7, 128, 0
7, 18, 0
7, 9, 0
7, 10, 0
7, 10, 0
7, 16, 0
7, 5, 0
7, 16, 0
7, 22, 0
7, 11, 0
7, 13, 0
7, 5, 0
7, 34, 0
7, 12, 0
7, 4, 0
7, 21, 0
7, 32, 0
7, 16, 0
7, 14, 0
7, 16, 0
7, 16, 0
7, 22, 0
7, 9, 0
7, 21, 0
7, 42, 0
7, 9, 0
7, 19, 0
7, 21, 0
7, 18, 0
7, 23, 0
7, 18, 0
7, 10, 0
7, 14, 0
7, 18, 0
7, 10, 0
7, 20, 0
7, 13, 0
7, 22, 0
7, 46, 0
7, 13, 0
7, 35, 0
7, 9, 0
7, 43, 0
7, 60, 0
7, 18, 0
7, 35, 0
7, 12, 0
7, 20, 0
7, 18, 0
7, 16, 0
7, 38, 0
7, 29, 0
7, 12, 0
7, 5, 0
7, 28, 0
7, 56, 0
4, 2, 0
4, 128, 0
4, 18, 0
4, 9, 0
4, 10, 0
4, 10, 0
4, 16, 0
4, 5, 0
4, 16, 0
4, 22, 0
4, 11, 0
4, 13, 0
4, 5, 0
4, 34, 0
4, 12, 0
4, 4, 0
4, 21, 0
4, 32, 0
4, 16, 0
4, 14, 0
4, 16, 0
4, 16, 0
4, 22, 0
4, 9, 0
4, 21, 0
4, 42, 0
4, 9, 0
4, 19, 0
4, 21, 0
4, 18, 0
4, 23, 0
4, 18, 0
4, 10, 0
4, 14, 0
4, 18, 0
4, 10, 0
4, 20, 0
4, 13, 0
4, 22, 0
4, 46, 0
4, 13, 0
4, 35, 0
4, 9, 0
4, 43, 0
4, 60, 0
4, 18, 0
4, 35, 0
4, 12, 0
4, 20, 0
4, 18, 0
4, 16, 0
4, 38, 0
4, 29, 0
4, 12, 0
4, 5, 0
4, 28, 0
4, 56, 0
2, 128, 0
2, 18, 0
2, 9, 0
2, 10, 0
2, 10, 0
2, 16, 0
2, 5, 0
2, 16, 0
2, 22, 0
2, 11, 0
2, 13, 0
2, 5, 0
2, 34, 0
2, 12, 0
2, 4, 0
2, 21, 0
2, 32, 0
2, 16, 0
2, 14, 0
2, 16, 0
2, 16, 0
2, 22, 0
2, 9, 0
2, 21, 0
2, 42, 0
2, 9, 0
2, 19, 0
2, 21, 0
2, 18, 0
2, 23, 0
2, 18, 0
2, 10, 0
2, 14, 0
2, 18, 0
2, 10, 0
2, 20, 0
2, 13, 0
2, 22, 0
2, 46, 0
2, 13, 0
2, 35, 0
2, 9, 0
2, 43, 0
2, 60, 0
2, 18, 0
2, 35, 0
2, 12, 0
2, 20, 0
2, 18, 0
2, 16, 0
2, 38, 0
2, 29, 0
2, 12, 0
2, 5, 0
2, 28, 0
2, 56, 0
128, 18, 0
128, 9, 0
128, 10, 0
128, 10, 0
128, 16, 0
128, 5, 0
128, 16, 0
128, 22, 0
128, 11, 0
128, 13, 0
128, 5, 0
128, 34, 1
128, 12, 0
128, 4, 0
128, 21, 0
128, 32, 0
128, 16, 0
128, 14, 0
128, 16, 0
128, 16, 0
128, 22, 0
128, 9, 0
128, 21, 0
128, 42, 0
128, 9, 0
128, 19, 0
128, 21, 0
128, 18, 0
128, 23, 0
128, 18, 0
128, 10, 0
128, 14, 0
128, 18, 0
128, 10, 0
128, 20, 0
128, 13, 0
128, 22, 0
128, 46, 0
128, 13, 1
128, 35, 0
128, 9, 0
128, 43, 0
128, 60, 0
128, 18, 0
128, 35, 0
128, 12, 0
128, 20, 0
128, 18, 0
128, 16, 0
128, 38, 0
128, 29, 0
128, 12, 0
128, 5, 0
128, 28, 0
128, 56, 0
18, 9, 0
18, 10, 0
18, 10, 0
18, 16, 0
18, 5, 0
18, 16, 0
18, 22, 0
18, 11, 0
18, 13, 0
18, 5, 0
18, 34, 0
18, 12, 0
18, 4, 0
18, 21, 0
18, 32, 0
18, 16, 0
18, 14, 0
18, 16, 0
18, 16, 0
18, 22, 1
18, 9, 0
18, 21, 0
18, 42, 0
18, 9, 0
18, 19, 0
18, 21, 0
18, 18, 0
18, 23, 0
18, 18, 0
18, 10, 0
18, 14, 0
18, 18, 0
18, 10, 0
18, 20, 0
18, 13, 0
18, 22, 0
18, 46, 0
18, 13, 0
18, 35, 0
18, 9, 0
18, 43, 0
18, 60, 0
18, 18, 0
18, 35, 0
18, 12, 0
18, 20, 0
18, 18, 0
18, 16, 0
18, 38, 0
18, 29, 0
18, 12, 0
18, 5, 0
18, 28, 0
18, 56, 0
9, 10, 0
9, 10, 0
9, 16, 0
9, 5, 0
9, 16, 0
9, 22, 0
9, 11, 0
9, 13, 0
9, 5, 0
9, 34, 0
9, 12, 0
9, 4, 0
9, 21, 0
9, 32, 0
9, 16, 0
9, 14, 0
9, 16, 0
9, 16, 0
9, 22, 0
9, 9, 0
9, 21, 0
9, 42, 1
9, 9, 0
9, 19, 0
9, 21, 0
9, 18, 0
9, 23, 0
9, 18, 0
9, 10, 0
9, 14, 0
9, 18, 0
9, 10, 0
9, 20, 0
9, 13, 0
9, 22, 0
9, 46, 0
9, 13, 0
9, 35, 0
9, 9, 0
9, 43, 0
9, 60, 0
9, 18, 0
9, 35, 0
9, 12, 0
9, 20, 0
9, 18, 0
9, 16, 0
9, 38, 0
9, 29, 0
9, 12, 0
9, 5, 0
9, 28, 0
9, 56, 0
10, 10, 0
10, 16, 0
10, 5, 0
10, 16, 0
10, 22, 0
10, 11, 0
10, 13, 0
10, 5, 0
10, 34, 0
10, 12, 0
10, 4, 0
10, 21, 0
10, 32, 0
10, 16, 0
10, 14, 0
10, 16, 0
10, 16, 0
10, 22, 0
10, 9, 0
10, 21, 0
10, 42, 0
10, 9, 0
10, 19, 0
10, 21, 0
10, 18, 0
10, 23, 0
10, 18, 0
10, 10, 0
10, 14, 0
10, 18, 0
10, 10, 0
10, 20, 0
10, 13, 0
10, 22, 0
10, 46, 0
10, 13, 0
10, 35, 0
10, 9, 0
10, 43, 0
10, 60, 0
10, 18, 0
10, 35, 0
10, 12, 0
10, 20, 0
10, 18, 0
10, 16, 0
10, 38, 0
10, 29, 0
10, 12, 0
10, 5, 0
10, 28, 0
10, 56, 0
10, 16, 0
10, 5, 0
10, 16, 0
10, 22, 0
10, 11, 1
10, 13, 0
10, 5, 0
10, 34, 0
10, 12, 0
10, 4, 0
10, 21, 0
10, 32, 0
10, 16, 0
10, 14, 0
10, 16, 0
10, 16, 0
10, 22, 0
10, 9, 0
10, 21, 0
10, 42, 0
10, 9, 0
10, 19, 0
10, 21, 0
10, 18, 0
10, 23, 0
10, 18, 0
10, 10, 0
10, 14, 0
10, 18, 0
10, 10, 0
10, 20, 0
10, 13, 0
10, 22, 0
10, 46, 0
10, 13, 0
10, 35, 0
10, 9, 0
10, 43, 0
10, 60, 0
10, 18, 0
10, 35, 0
10, 12, 0
10, 20, 0
10, 18, 0
10, 16, 0
10, 38, 0
10, 29, 1
10, 12, 0
10, 5, 0
10, 28, 0
10, 56, 0
16, 5, 0
16, 16, 0
16, 22, 0
16, 11, 0
16, 13, 0
16, 5, 0
16, 34, 0
16, 12, 0
16, 4, 0
16, 21, 0
16, 32, 0
16, 16, 0
16, 14, 0
16, 16, 0
16, 16, 0
16, 22, 0
16, 9, 0
16, 21, 0
16, 42, 0
16, 9, 0
16, 19, 0
16, 21, 0
16, 18, 0
16, 23, 0
16, 18, 0
16, 10, 0
16, 14, 0
16, 18, 0
16, 10, 0
16, 20, 0
16, 13, 0
16, 22, 0
16, 46, 0
16, 13, 0
16, 35, 0
16, 9, 0
16, 43, 0
16, 60, 0
16, 18, 0
16, 35, 0
16, 12, 0
16, 20, 0
16, 18, 0
16, 16, 0
16, 38, 0
16, 29, 1
16, 12, 0
16, 5, 0
16, 28, 0
16, 56, 0
5, 16, 0
5, 22, 0
5, 11, 0
5, 13, 0
5, 5, 0
5, 34, 0
5, 12, 0
5, 4, 0
5, 21, 0
5, 32, 0
5, 16, 0
5, 14, 0
5, 16, 0
5, 16, 0
5, 22, 0
5, 9, 0
5, 21, 0
5, 42, 0
5, 9, 0
5, 19, 0
5, 21, 0
5, 18, 0
5, 23, 0
5, 18, 0
5, 10, 0
5, 14, 0
5, 18, 0
5, 10, 0
5, 20, 0
5, 13, 0
5, 22, 0
5, 46, 0
5, 13, 0
5, 35, 0
5, 9, 0
5, 43, 0
5, 60, 0
5, 18, 0
5, 35, 0
5, 12, 0
5, 20, 0
5, 18, 0
5, 16, 0
5, 38, 0
5, 29, 0
5, 12, 0
5, 5, 0
5, 28, 0
5, 56, 0
16, 22, 0
16, 11, 0
16, 13, 0
16, 5, 0
16, 34, 0
16, 12, 0
16, 4, 0
16, 21, 0
16, 32, 0
16, 16, 0
16, 14, 0
16, 16, 0
16, 16, 0
16, 22, 0
16, 9, 0
16, 21, 0
16, 42, 0
16, 9, 0
16, 19, 0
16, 21, 0
16, 18, 0
16, 23, 0
16, 18, 0
16, 10, 0
16, 14, 1
16, 18, 0
16, 10, 0
16, 20, 0
16, 13, 0
16, 22, 0
16, 46, 0
16, 13, 0
16, 35, 0
16, 9, 0
16, 43, 0
16, 60, 0
16, 18, 0
16, 35, 0
16, 12, 0
16, 20, 0
16, 18, 0
16, 16, 0
16, 38, 0
16, 29, 0
16, 12, 0
16, 5, 0
16, 28, 0
16, 56, 0
22, 11, 0
22, 13, 0
22, 5, 0
22, 34, 0
22, 12, 0
22, 4, 0
22, 21, 0
22, 32, 0
22, 16, 0
22, 14, 0
22, 16, 0
22, 16, 0
22, 22, 0
22, 9, 0
22, 21, 0
22, 42, 0
22, 9, 0
22, 19, 0
22, 21, 0
22, 18, 1
22, 23, 0
22, 18, 0
22, 10, 0
22, 14, 0
22, 18, 0
22, 10, 0
22, 20, 0
22, 13, 0
22, 22, 0
22, 46, 0
22, 13, 0
22, 35, 0
22, 9, 0
22, 43, 0
22, 60, 0
22, 18, 0
22, 35, 0
22, 12, 0
22, 20, 0
22, 18, 0
22, 16, 0
22, 38, 0
22, 29, 0
22, 12, 0
22, 5, 0
22, 28, 0
22, 56, 0
11, 13, 0
11, 5, 1
11, 34, 0
11, 12, 0
11, 4, 0
11, 21, 0
11, 32, 0
11, 16, 0
11, 14, 0
11, 16, 0
11, 16, 0
11, 22, 0
11, 9, 0
11, 21, 0
11, 42, 0
11, 9, 0
11, 19, 0
11, 21, 0
11, 18, 0
11, 23, 0
11, 18, 0
11, 10, 0
11, 14, 0
11, 18, 0
11, 10, 0
11, 20, 0
11, 13, 0
11, 22, 0
11, 46, 0
11, 13, 0
11, 35, 0
11, 9, 0
11, 43, 0
11, 60, 0
11, 18, 0
11, 35, 0
11, 12, 0
11, 20, 0
11, 18, 0
11, 16, 0
11, 38, 0
11, 29, 0
11, 12, 0
11, 5, 0
11, 28, 0
11, 56, 0
13, 5, 0
13, 34, 0
13, 12, 0
13, 4, 0
13, 21, 0
13, 32, 0
13, 16, 0
13, 14, 0
13, 16, 0
13, 16, 0
13, 22, 0
13, 9, 0
13, 21, 0
13, 42, 0
13, 9, 0
13, 19, 0
13, 21, 0
13, 18, 0
13, 23, 0
13, 18, 0
13, 10, 1
13, 14, 0
13, 18, 0
13, 10, 0
13, 20, 0
13, 13, 0
13, 22, 0
13, 46, 0
13, 13, 0
13, 35, 0
13, 9, 0
13, 43, 0
13, 60, 0
13, 18, 0
13, 35, 0
13, 12, 0
13, 20, 0
13, 18, 0
13, 16, 0
13, 38, 0
13, 29, 0
13, 12, 0
13, 5, 0
13, 28, 0
13, 56, 0
5, 34, 0
5, 12, 0
5, 4, 0
5, 21, 0
5, 32, 0
5, 16, 0
5, 14, 0
5, 16, 0
5, 16, 0
5, 22, 0
5, 9, 0
5, 21, 0
5, 42, 0
5, 9, 0
5, 19, 0
5, 21, 0
5, 18, 0
5, 23, 0
5, 18, 0
5, 10, 0
5, 14, 0
5, 18, 0
5, 10, 0
5, 20, 0
5, 13, 0
5, 22, 0
5, 46, 0
5, 13, 0
5, 35, 0
5, 9, 0
5, 43, 0
5, 60, 0
5, 18, 0
5, 35, 0
5, 12, 0
5, 20, 0
5, 18, 0
5, 16, 0
5, 38, 0
5, 29, 0
5, 12, 0
5, 5, 0
5, 28, 0
5, 56, 0
34, 12, 0
34, 4, 0
34, 21, 1
34, 32, 0
34, 16, 0
34, 14, 0
34, 16, 0
34, 16, 0
34, 22, 0
34, 9, 0
34, 21, 0
34, 42, 0
34, 9, 0
34, 19, 0
34, 21, 0
34, 18, 0
34, 23, 0
34, 18, 0
34, 10, 0
34, 14, 0
34, 18, 0
34, 10, 0
34, 20, 0
34, 13, 0
34, 22, 0
34, 46, 0
34, 13, 0
34, 35, 1
34, 9, 0
34, 43, 0
34, 60, 0
34, 18, 0
34, 35, 0
34, 12, 0
34, 20, 0
34, 18, 0
34, 16, 0
34, 38, 0
34, 29, 0
34, 12, 0
34, 5, 0
34, 28, 0
34, 56, 0
12, 4, 0
12, 21, 0
12, 32, 1
12, 16, 0
12, 14, 0
12, 16, 0
12, 16, 0
12, 22, 0
12, 9, 0
12, 21, 0
12, 42, 0
12, 9, 0
12, 19, 0
12, 21, 0
12, 18, 0
12, 23, 0
12, 18, 0
12, 10, 0
12, 14, 0
12, 18, 0
12, 10, 0
12, 20, 0
12, 13, 0
12, 22, 0
12, 46, 0
12, 13, 0
12, 35, 0
12, 9, 0
12, 43, 0
12, 60, 0
12, 18, 0
12, 35, 0
12, 12, 0
12, 20, 0
12, 18, 0
12, 16, 0
12, 38, 0
12, 29, 0
12, 12, 0
12, 5, 0
12, 28, 0
12, 56, 0
4, 21, 0
4, 32, 0
4, 16, 0
4, 14, 0
4, 16, 0
4, 16, 0
4, 22, 0
4, 9, 0
4, 21, 0
4, 42, 0
4, 9, 0
4, 19, 0
4, 21, 0
4, 18, 0
4, 23, 0
4, 18, 0
4, 10, 0
4, 14, 0
4, 18, 0
4, 10, 0
4, 20, 0
4, 13, 0
4, 22, 0
4, 46, 0
4, 13, 0
4, 35, 0
4, 9, 0
4, 43, 0
4, 60, 0
4, 18, 0
4, 35, 0
4, 12, 0
4, 20, 0
4, 18, 0
4, 16, 0
4, 38, 1
4, 29, 0
4, 12, 0
4, 5, 0
4, 28, 0
4, 56, 0
21, 32, 0
21, 16, 0
21, 14, 0
21, 16, 0
21, 16, 0
21, 22, 0
21, 9, 0
21, 21, 0
21, 42, 0
21, 9, 0
21, 19, 0
21, 21, 0
21, 18, 0
21, 23, 0
21, 18, 0
21, 10, 0
21, 14, 0
21, 18, 0
21, 10, 0
21, 20, 0
21, 13, 0
21, 22, 0
21, 46, 0
21, 13, 0
21, 35, 0
21, 9, 0
21, 43, 0
21, 60, 0
21, 18, 0
21, 35, 0
21, 12, 0
21, 20, 1
21, 18, 0
21, 16, 0
21, 38, 0
21, 29, 0
21, 12, 0
21, 5, 0
21, 28, 0
21, 56, 0
32, 16, 0
32, 14, 0
32, 16, 0
32, 16, 0
32, 22, 0
32, 9, 0
32, 21, 0
32, 42, 0
32, 9, 0
32, 19, 0
32, 21, 0
32, 18, 0
32, 23, 0
32, 18, 0
32, 10, 0
32, 14, 0
32, 18, 0
32, 10, 0
32, 20, 0
32, 13, 0
32, 22, 0
32, 46, 0
32, 13, 1
32, 35, 0
32, 9, 0
32, 43, 0
32, 60, 0
32, 18, 0
32, 35, 0
32, 12, 0
32, 20, 0
32, 18, 0
32, 16, 0
32, 38, 0
32, 29, 0
32, 12, 0
32, 5, 0
32, 28, 0
32, 56, 0
16, 14, 0
16, 16, 0
16, 16, 0
16, 22, 1
16, 9, 0
16, 21, 0
16, 42, 0
16, 9, 0
16, 19, 0
16, 21, 0
16, 18, 0
16, 23, 0
16, 18, 0
16, 10, 0
16, 14, 0
16, 18, 0
16, 10, 0
16, 20, 0
16, 13, 0
16, 22, 0
16, 46, 0
16, 13, 0
16, 35, 0
16, 9, 0
16, 43, 0
16, 60, 0
16, 18, 0
16, 35, 0
16, 12, 0
16, 20, 0
16, 18, 0
16, 16, 0
16, 38, 0
16, 29, 1
16, 12, 0
16, 5, 0
16, 28, 0
16, 56, 0
14, 16, 0
14, 16, 0
14, 22, 0
14, 9, 0
14, 21, 0
14, 42, 0
14, 9, 0
14, 19, 0
14, 21, 0
14, 18, 0
14, 23, 0
14, 18, 0
14, 10, 0
14, 14, 0
14, 18, 0
14, 10, 0
14, 20, 0
14, 13, 0
14, 22, 0
14, 46, 0
14, 13, 0
14, 35, 0
14, 9, 0
14, 43, 0
14, 60, 0
14, 18, 0
14, 35, 0
14, 12, 0
14, 20, 0
14, 18, 0
14, 16, 0
14, 38, 0
14, 29, 0
14, 12, 0
14, 5, 0
14, 28, 0
14, 56, 0
16, 16, 0
16, 22, 0
16, 9, 0
16, 21, 0
16, 42, 1
16, 9, 0
16, 19, 0
16, 21, 0
16, 18, 0
16, 23, 0
16, 18, 0
16, 10, 0
16, 14, 0
16, 18, 0
16, 10, 0
16, 20, 0
16, 13, 0
16, 22, 0
16, 46, 0
16, 13, 0
16, 35, 0
16, 9, 0
16, 43, 0
16, 60, 0
16, 18, 0
16, 35, 0
16, 12, 0
16, 20, 0
16, 18, 0
16, 16, 0
16, 38, 0
16, 29, 0
16, 12, 0
16, 5, 0
16, 28, 0
16, 56, 0
16, 22, 0
16, 9, 0
16, 21, 0
16, 42, 0
16, 9, 0
16, 19, 0
16, 21, 0
16, 18, 0
16, 23, 0
16, 18, 0
16, 10, 0
16, 14, 0
16, 18, 0
16, 10, 0
16, 20, 0
16, 13, 0
16, 22, 0
16, 46, 0
16, 13, 0
16, 35, 0
16, 9, 1
16, 43, 0
16, 60, 0
16, 18, 0
16, 35, 0
16, 12, 0
16, 20, 0
16, 18, 0
16, 16, 0
16, 38, 0
16, 29, 0
16, 12, 0
16, 5, 0
16, 28, 0
16, 56, 0
22, 9, 0
22, 21, 0
22, 42, 0
22, 9, 0
22, 19, 0
22, 21, 0
22, 18, 0
22, 23, 0
22, 18, 0
22, 10, 0
22, 14, 0
22, 18, 0
22, 10, 0
22, 20, 0
22, 13, 0
22, 22, 0
22, 46, 0
22, 13, 0
22, 35, 0
22, 9, 0
22, 43, 0
22, 60, 1
22, 18, 0
22, 35, 0
22, 12, 0
22, 20, 0
22, 18, 0
22, 16, 0
22, 38, 0
22, 29, 0
22, 12, 0
22, 5, 0
22, 28, 0
22, 56, 0
9, 21, 0
9, 42, 0
9, 9, 0
9, 19, 0
9, 21, 0
9, 18, 0
9, 23, 0
9, 18, 0
9, 10, 0
9, 14, 0
9, 18, 0
9, 10, 0
9, 20, 0
9, 13, 0
9, 22, 0
9, 46, 0
9, 13, 0
9, 35, 0
9, 9, 0
9, 43, 0
9, 60, 0
9, 18, 0
9, 35, 0
9, 12, 0
9, 20, 0
9, 18, 0
9, 16, 0
9, 38, 0
9, 29, 0
9, 12, 0
9, 5, 0
9, 28, 0
9, 56, 0
21, 42, 0
21, 9, 0
21, 19, 0
21, 21, 0
21, 18, 0
21, 23, 0
21, 18, 0
21, 10, 0
21, 14, 0
21, 18, 0
21, 10, 0
21, 20, 0
21, 13, 0
21, 22, 0
21, 46, 0
21, 13, 0
21, 35, 0
21, 9, 0
21, 43, 0
21, 60, 1
21, 18, 0
21, 35, 0
21, 12, 0
21, 20, 0
21, 18, 0
21, 16, 0
21, 38, 0
21, 29, 0
21, 12, 0
21, 5, 0
21, 28, 0
21, 56, 0
42, 9, 0
42, 19, 0
42, 21, 0
42, 18, 0
42, 23, 0
42, 18, 0
42, 10, 0
42, 14, 0
42, 18, 0
42, 10, 0
42, 20, 0
42, 13, 0
42, 22, 0
42, 46, 0
42, 13, 0
42, 35, 0
42, 9, 0
42, 43, 0
42, 60, 0
42, 18, 0
42, 35, 0
42, 12, 0
42, 20, 0
42, 18, 0
42, 16, 0
42, 38, 0
42, 29, 0
42, 12, 0
42, 5, 0
42, 28, 0
42, 56, 0
9, 19, 0
9, 21, 0
9, 18, 0
9, 23, 0
9, 18, 0
9, 10, 0
9, 14, 0
9, 18, 0
9, 10, 0
9, 20, 0
9, 13, 0
9, 22, 1
9, 46, 0
9, 13, 0
9, 35, 0
9, 9, 0
9, 43, 0
9, 60, 0
9, 18, 0
9, 35, 0
9, 12, 0
9, 20, 0
9, 18, 0
9, 16, 0
9, 38, 0
9, 29, 0
9, 12, 0
9, 5, 0
9, 28, 0
9, 56, 0
19, 21, 0
19, 18, 0
19, 23, 0
19, 18, 0
19, 10, 0
19, 14, 0
19, 18, 0
19, 10, 0
19, 20, 0
19, 13, 0
19, 22, 0
19, 46, 0
19, 13, 0
19, 35, 0
19, 9, 0
19, 43, 0
19, 60, 0
19, 18, 0
19, 35, 0
19, 12, 0
19, 20, 0
19, 18, 0
19, 16, 0
19, 38, 0
19, 29, 0
19, 12, 0
19, 5, 0
19, 28, 0
19, 56, 0
21, 18, 0
21, 23, 0
21, 18, 0
21, 10, 0
21, 14, 0
21, 18, 0
21, 10, 0
21, 20, 0
21, 13, 0
21, 22, 0
21, 46, 0
21, 13, 0
21, 35, 0
21, 9, 0
21, 43, 0
21, 60, 0
21, 18, 0
21, 35, 0
21, 12, 0
21, 20, 0
21, 18, 0
21, 16, 0
21, 38, 0
21, 29, 0
21, 12, 0
21, 5, 0
21, 28, 0
21, 56, 0
18, 23, 0
18, 18, 0
18, 10, 0
18, 14, 0
18, 18, 0
18, 10, 0
18, 20, 0
18, 13, 0
18, 22, 0
18, 46, 0
18, 13, 0
18, 35, 0
18, 9, 0
18, 43, 0
18, 60, 0
18, 18, 0
18, 35, 0
18, 12, 0
18, 20, 0
18, 18, 0
18, 16, 0
18, 38, 0
18, 29, 0
18, 12, 0
18, 5, 0
18, 28, 0
18, 56, 1
23, 18, 0
23, 10, 0
23, 14, 0
23, 18, 0
23, 10, 0
23, 20, 0
23, 13, 0
23, 22, 0
23, 46, 0
23, 13, 0
23, 35, 0
23, 9, 0
23, 43, 0
23, 60, 0
23, 18, 0
23, 35, 0
23, 12, 0
23, 20, 0
23, 18, 0
23, 16, 0
23, 38, 0
23, 29, 0
23, 12, 0
23, 5, 0
23, 28, 0
23, 56, 0
18, 10, 0
18, 14, 0
18, 18, 0
18, 10, 0
18, 20, 0
18, 13, 0
18, 22, 0
18, 46, 0
18, 13, 0
18, 35, 0
18, 9, 0
18, 43, 0
18, 60, 0
18, 18, 0
18, 35, 0
18, 12, 0
18, 20, 0
18, 18, 0
18, 16, 0
18, 38, 0
18, 29, 0
18, 12, 0
18, 5, 0
18, 28, 0
18, 56, 0
10, 14, 0
10, 18, 0
10, 10, 0
10, 20, 0
10, 13, 0
10, 22, 0
10, 46, 0
10, 13, 0
10, 35, 0
10, 9, 0
10, 43, 0
10, 60, 0
10, 18, 0
10, 35, 0
10, 12, 0
10, 20, 0
10, 18, 0
10, 16, 0
10, 38, 0
10, 29, 0
10, 12, 0
10, 5, 0
10, 28, 0
10, 56, 0
14, 18, 0
14, 10, 0
14, 20, 0
14, 13, 0
14, 22, 0
14, 46, 0
14, 13, 0
14, 35, 0
14, 9, 0
14, 43, 0
14, 60, 0
14, 18, 0
14, 35, 0
14, 12, 0
14, 20, 0
14, 18, 0
14, 16, 0
14, 38, 0
14, 29, 0
14, 12, 0
14, 5, 0
14, 28, 0
14, 56, 0
18, 10, 0
18, 20, 0
18, 13, 0
18, 22, 0
18, 46, 0
18, 13, 0
18, 35, 0
18, 9, 0
18, 43, 0
18, 60, 0
18, 18, 0
18, 35, 0
18, 12, 0
18, 20, 0
18, 18, 0
18, 16, 0
18, 38, 0
18, 29, 0
18, 12, 0
18, 5, 0
18, 28, 0
18, 56, 0
10, 20, 0
10, 13, 0
10, 22, 0
10, 46, 0
10, 13, 0
10, 35, 0
10, 9, 0
10, 43, 0
10, 60, 0
10, 18, 0
10, 35, 0
10, 12, 0
10, 20, 0
10, 18, 0
10, 16, 0
10, 38, 0
10, 29, 0
10, 12, 0
10, 5, 0
10, 28, 0
10, 56, 0
20, 13, 0
20, 22, 0
20, 46, 0
20, 13, 0
20, 35, 0
20, 9, 0
20, 43, 0
20, 60, 0
20, 18, 0
20, 35, 0
20, 12, 0
20, 20, 0
20, 18, 0
20, 16, 0
20, 38, 1
20, 29, 0
20, 12, 0
20, 5, 0
20, 28, 0
20, 56, 0
13, 22, 0
13, 46, 0
13, 13, 0
13, 35, 0
13, 9, 0
13, 43, 0
13, 60, 0
13, 18, 0
13, 35, 0
13, 12, 0
13, 20, 0
13, 18, 0
13, 16, 0
13, 38, 0
13, 29, 0
13, 12, 0
13, 5, 0
13, 28, 0
13, 56, 0
22, 46, 0
22, 13, 0
22, 35, 0
22, 9, 0
22, 43, 0
22, 60, 0
22, 18, 0
22, 35, 0
22, 12, 0
22, 20, 0
22, 18, 0
22, 16, 0
22, 38, 0
22, 29, 0
22, 12, 0
22, 5, 0
22, 28, 0
22, 56, 0
46, 13, 0
46, 35, 0
46, 9, 0
46, 43, 0
46, 60, 0
46, 18, 0
46, 35, 0
46, 12, 0
46, 20, 0
46, 18, 0
46, 16, 0
46, 38, 0
46, 29, 0
46, 12, 0
46, 5, 0
46, 28, 0
46, 56, 0
13, 35, 0
13, 9, 0
13, 43, 0
13, 60, 0
13, 18, 0
13, 35, 1
13, 12, 0
13, 20, 0
13, 18, 0
13, 16, 0
13, 38, 0
13, 29, 0
13, 12, 0
13, 5, 0
13, 28, 0
13, 56, 0
35, 9, 0
35, 43, 0
35, 60, 0
35, 18, 0
35, 35, 0
35, 12, 0
35, 20, 0
35, 18, 0
35, 16, 0
35, 38, 0
35, 29, 0
35, 12, 0
35, 5, 0
35, 28, 0
35, 56, 0
9, 43, 0
9, 60, 0
9, 18, 0
9, 35, 0
9, 12, 0
9, 20, 0
9, 18, 0
9, 16, 0
9, 38, 0
9, 29, 0
9, 12, 0
9, 5, 0
9, 28, 0
9, 56, 0
43, 60, 0
43, 18, 0
43, 35, 0
43, 12, 0
43, 20, 0
43, 18, 0
43, 16, 0
43, 38, 0
43, 29, 0
43, 12, 0
43, 5, 0
43, 28, 0
43, 56, 0
60, 18, 0
60, 35, 0
60, 12, 0
60, 20, 0
60, 18, 0
60, 16, 0
60, 38, 0
60, 29, 1
60, 12, 0
60, 5, 0
60, 28, 0
60, 56, 0
18, 35, 0
18, 12, 0
18, 20, 0
18, 18, 0
18, 16, 0
18, 38, 0
18, 29, 0
18, 12, 0
18, 5, 0
18, 28, 0
18, 56, 0
35, 12, 0
35, 20, 0
35, 18, 0
35, 16, 0
35, 38, 0
35, 29, 0
35, 12, 0
35, 5, 0
35, 28, 0
35, 56, 0
12, 20, 0
12, 18, 0
12, 16, 0
12, 38, 0
12, 29, 0
12, 12, 0
12, 5, 0
12, 28, 0
12, 56, 0
20, 18, 0
20, 16, 0
20, 38, 0
20, 29, 0
20, 12, 0
20, 5, 0
20, 28, 0
20, 56, 0
18, 16, 0
18, 38, 0
18, 29, 0
18, 12, 0
18, 5, 0
18, 28, 0
18, 56, 0
16, 38, 0
16, 29, 0
16, 12, 0
16, 5, 0
16, 28, 0
16, 56, 0
38, 29, 0
38, 12, 0
38, 5, 0
38, 28, 0
38, 56, 0
29, 12, 0
29, 5, 0
29, 28, 0
29, 56, 0
12, 5, 0
12, 28, 0
12, 56, 0
5, 28, 0
5, 56, 0
28, 56, 0
